ubigeo,neighbor_ubigeo
010101,010108
010101,010111
010101,010118
010101,010120
010101,010121
010101,010504
010101,010506
010101,010508
010101,010509
010102,010105
010102,010116
010102,010117
010102,010301
010102,010302
010102,010308
010103,010106
010103,010110
010103,010503
010103,010517
010103,060301
010103,060311
010104,010114
010104,010118
010104,010120
010104,010603
010104,010606
010105,010102
010105,010117
010105,010121
010105,010301
010105,010311
010106,010103
010106,010110
010106,060305
010106,060308
010106,060311
010106,130304
010106,130305
010107,010114
010107,010116
010107,010117
010107,010612
010107,220802
010107,220805
010108,010101
010108,010121
010108,010311
010108,010501
010108,010509
010109,010112
010109,010113
010109,010519
010109,010521
010109,010603
010109,010605
010110,010103
010110,010106
010110,010115
010110,010503
010110,010517
010110,130305
010110,220603
010111,010101
010111,010112
010111,010119
010111,010120
010111,010504
010111,010522
010112,010109
010112,010111
010112,010119
010112,010519
010112,010522
010112,010603
010113,010109
010113,010115
010113,010517
010113,010521
010113,010605
010114,010104
010114,010107
010114,010117
010114,010118
010114,010120
010114,010121
010114,010603
010114,010606
010114,010607
010114,010612
010115,010110
010115,010113
010115,010517
010115,010605
010115,220603
010116,010102
010116,010107
010116,010117
010116,010302
010116,010308
010116,220805
010117,010102
010117,010105
010117,010107
010117,010114
010117,010116
010117,010121
010118,010101
010118,010104
010118,010114
010118,010120
010118,010121
010119,010111
010119,010112
010119,010120
010119,010603
010120,010101
010120,010104
010120,010111
010120,010114
010120,010118
010120,010119
010120,010603
010121,010101
010121,010105
010121,010108
010121,010114
010121,010117
010121,010118
010121,010301
010121,010311
010201,010202
010201,010203
010201,010206
010201,010701
010201,010704
010201,060802
010201,060812
010202,010201
010202,010203
010202,010205
010202,010206
010202,010702
010202,060812
010202,060903
010203,010201
010203,010202
010203,010206
010203,010701
010203,010702
010205,010202
010205,010401
010205,010402
010205,010702
010205,060903
010206,010201
010206,010202
010206,010203
010301,010102
010301,010105
010301,010121
010301,010302
010301,010304
010301,010305
010301,010306
010301,010308
010301,010309
010301,010311
010302,010102
010302,010116
010302,010301
010302,010304
010302,010308
010302,220805
010303,010309
010303,010311
010303,010516
010303,010518
010304,010301
010304,010302
010304,010306
010304,010312
010304,220805
010305,010301
010305,010306
010305,010307
010305,010309
010305,010310
010306,010301
010306,010304
010306,010305
010306,010310
010306,010312
010306,010702
010307,010305
010307,010309
010307,010310
010307,010518
010308,010102
010308,010116
010308,010301
010308,010302
010309,010301
010309,010303
010309,010305
010309,010307
010309,010311
010309,010518
010310,010305
010310,010306
010310,010307
010310,010518
010310,010702
010310,010705
010311,010105
010311,010108
010311,010121
010311,010301
010311,010303
010311,010309
010311,010501
010311,010516
010311,010518
010312,010304
010312,010306
010312,010401
010312,010702
010312,160701
010312,160703
010312,220101
010312,220805
010401,010205
010401,010312
010401,010402
010401,010403
010401,010702
010401,160703
010402,010205
010402,010401
010402,010403
010403,010401
010403,010402
010403,160703
010403,160704
010501,010108
010501,010311
010501,010509
010501,010516
010502,010505
010502,010512
010502,010515
010502,010706
010502,060405
010502,060414
010503,010103
010503,010110
010503,010511
010503,010514
010503,010517
010503,010521
010503,060301
010503,060302
010504,010101
010504,010111
010504,010506
010504,010507
010504,010513
010504,010514
010504,010522
010505,010502
010505,010508
010505,010510
010505,010512
010505,010520
010505,010705
010505,010706
010506,010101
010506,010504
010506,010508
010506,010512
010506,010513
010507,010504
010507,010511
010507,010513
010507,010514
010507,010522
010508,010101
010508,010505
010508,010506
010508,010509
010508,010510
010508,010512
010509,010101
010509,010108
010509,010501
010509,010508
010509,010510
010509,010516
010509,010520
010510,010505
010510,010508
010510,010509
010510,010520
010511,010503
010511,010507
010511,010514
010511,010519
010511,010521
010511,010522
010512,010502
010512,010505
010512,010506
010512,010508
010512,010513
010512,010515
010513,010504
010513,010506
010513,010507
010513,010512
010513,010514
010513,010515
010513,060303
010513,060406
010514,010503
010514,010504
010514,010507
010514,010511
010514,010513
010514,060302
010514,060303
010515,010502
010515,010512
010515,010513
010515,060405
010515,060406
010516,010303
010516,010311
010516,010501
010516,010509
010516,010518
010516,010520
010517,010103
010517,010110
010517,010113
010517,010115
010517,010503
010517,010521
010518,010303
010518,010307
010518,010309
010518,010310
010518,010311
010518,010516
010518,010520
010518,010705
010519,010109
010519,010112
010519,010511
010519,010521
010519,010522
010520,010505
010520,010509
010520,010510
010520,010516
010520,010518
010520,010705
010521,010109
010521,010113
010521,010503
010521,010511
010521,010517
010521,010519
010522,010111
010522,010112
010522,010504
010522,010507
010522,010511
010522,010519
010601,010604
010601,010606
010601,010607
010601,010609
010601,010610
010601,010612
010602,010605
010602,010608
010602,010609
010602,010611
010602,220603
010603,010104
010603,010109
010603,010112
010603,010114
010603,010119
010603,010120
010603,010604
010603,010605
010603,010606
010604,010601
010604,010603
010604,010605
010604,010606
010604,010610
010604,010611
010605,010109
010605,010113
010605,010115
010605,010602
010605,010603
010605,010604
010605,010611
010605,220603
010606,010104
010606,010114
010606,010601
010606,010603
010606,010604
010606,010607
010607,010114
010607,010601
010607,010606
010607,010612
010608,010602
010608,010609
010608,010610
010608,010611
010609,010601
010609,010602
010609,010608
010609,010610
010609,010612
010609,220402
010609,220603
010610,010601
010610,010604
010610,010608
010610,010609
010610,010611
010611,010602
010611,010604
010611,010605
010611,010608
010611,010610
010612,010107
010612,010114
010612,010601
010612,010607
010612,010609
010612,220105
010612,220402
010612,220801
010612,220802
010612,220803
010612,220804
010612,220808
010701,010201
010701,010203
010701,010702
010701,010703
010701,010704
010701,010705
010701,010706
010701,010707
010702,010202
010702,010203
010702,010205
010702,010306
010702,010310
010702,010312
010702,010401
010702,010701
010702,010705
010703,010701
010703,010704
010703,010707
010703,060603
010703,060613
010703,060615
010703,060802
010704,010201
010704,010701
010704,010703
010704,060802
010705,010310
010705,010505
010705,010518
010705,010520
010705,010701
010705,010702
010705,010706
010706,010502
010706,010505
010706,010701
010706,010705
010706,010707
010706,060414
010706,060604
010707,010701
010707,010703
010707,010706
010707,060604
010707,060613
020101,020105
020101,020107
020101,020108
020101,020111
020101,020201
020101,020204
020101,021004
020101,021008
020101,021701
020102,020110
020102,020804
020102,022002
020102,022007
020103,020107
020103,020109
020103,020110
020103,020111
020104,020107
020104,020109
020104,020202
020104,021103
020105,020101
020105,020106
020105,020111
020105,020112
020105,020608
020105,021001
020105,021008
020106,020105
020106,020111
020106,020112
020106,020611
020107,020101
020107,020103
020107,020104
020107,020109
020107,020111
020107,020202
020107,020204
020108,020101
020108,021004
020108,021701
020108,021710
020109,020103
020109,020104
020109,020107
020109,020110
020109,020801
020109,020804
020109,021103
020110,020102
020110,020103
020110,020109
020110,020111
020110,020601
020110,020604
020110,020611
020110,020804
020110,022007
020111,020101
020111,020103
020111,020105
020111,020106
020111,020107
020111,020110
020111,020604
020111,020611
020112,020105
020112,020106
020112,020607
020112,020608
020112,020611
020201,020101
020201,020202
020201,020203
020201,020204
020201,020205
020201,021105
020201,021701
020201,021702
020201,021703
020201,021710
020202,020104
020202,020107
020202,020201
020202,020203
020202,020204
020202,020205
020202,021101
020202,021103
020202,021104
020203,020201
020203,020202
020203,020205
020204,020101
020204,020107
020204,020201
020204,020202
020205,020201
020205,020202
020205,020203
020205,021104
020205,021105
020301,020303
020301,020304
020301,020305
020301,021010
020301,100401
020301,100404
020302,020304
020302,020306
020302,021002
020302,021003
020302,021005
020302,021011
020302,021016
020303,020301
020303,020305
020303,020702
020303,100401
020303,100404
020304,020301
020304,020302
020304,020305
020304,020306
020304,021010
020304,021016
020305,020301
020305,020303
020305,020304
020305,020306
020305,020702
020305,021003
020306,020302
020306,020304
020306,020305
020306,021003
020401,020402
020401,020601
020401,020606
020401,020609
020401,020701
020401,021001
020401,022008
020402,020401
020402,020609
020402,020701
020402,022008
020501,020502
020501,020504
020501,020505
020501,020509
020501,020511
020501,020513
020501,020515
020501,021702
020502,020501
020502,020506
020502,020511
020502,020514
020502,020515
020503,020505
020503,020507
020503,020510
020503,021704
020503,021705
020503,021706
020503,021708
020504,020501
020504,020508
020504,020509
020504,021004
020504,021014
020504,021702
020505,020501
020505,020503
020505,020510
020505,020515
020505,021401
020505,021403
020505,021702
020505,021706
020505,021707
020506,020502
020506,020511
020506,020512
020506,020514
020506,021403
020507,020503
020507,020510
020507,021101
020507,021406
020507,021409
020507,021705
020507,021708
020507,150202
020508,020504
020508,020509
020508,021014
020508,100301
020508,100313
020508,100317
020508,100501
020508,101002
020508,101004
020508,101005
020509,020501
020509,020504
020509,020508
020509,020513
020509,101004
020510,020503
020510,020505
020510,020507
020510,021401
020510,021406
020511,020501
020511,020502
020511,020506
020511,020512
020511,020513
020512,020506
020512,020511
020512,020513
020512,021403
020512,021404
020512,021407
020512,021408
020512,150302
020512,150304
020513,020501
020513,020509
020513,020511
020513,020512
020513,101001
020513,101004
020513,150302
020514,020502
020514,020506
020514,020515
020514,021403
020515,020501
020515,020502
020515,020505
020515,020514
020515,021403
020601,020110
020601,020401
020601,020604
020601,020605
020601,020606
020601,020609
020601,020610
020601,022007
020603,020609
020603,020610
020603,022003
020604,020110
020604,020111
020604,020601
020604,020606
020604,020607
020604,020611
020605,020601
020605,020610
020605,022003
020605,022007
020606,020401
020606,020601
020606,020604
020606,020607
020606,020608
020606,021001
020607,020112
020607,020604
020607,020606
020607,020608
020607,020611
020608,020105
020608,020112
020608,020606
020608,020607
020608,021001
020609,020401
020609,020402
020609,020601
020609,020603
020609,020610
020609,022001
020609,022003
020609,022008
020610,020601
020610,020603
020610,020605
020610,020609
020610,022003
020611,020106
020611,020110
020611,020111
020611,020112
020611,020604
020611,020607
020701,020401
020701,020402
020701,020702
020701,020703
020701,021001
020701,021003
020701,021306
020701,022008
020702,020303
020702,020305
020702,020701
020702,020703
020702,021003
020702,021303
020702,021305
020702,100402
020702,100404
020703,020701
020703,020702
020703,021305
020703,021306
020703,021307
020703,021308
020703,022008
020801,020109
020801,020802
020801,020803
020801,020804
020801,021103
020801,021805
020801,021806
020801,021807
020802,020801
020802,020804
020802,021805
020802,022005
020803,020801
020803,021807
020804,020102
020804,020109
020804,020110
020804,020801
020804,020802
020804,022002
020804,022005
020901,020902
020901,020903
020901,020905
020901,020906
020901,020907
020901,021501
020901,021507
020901,021511
020902,020901
020902,020904
020902,020906
020902,021501
020903,020901
020903,020907
020903,021507
020903,021510
020903,021804
020904,020902
020904,020905
020904,020906
020904,021210
020904,021501
020904,021503
020904,021904
020904,021908
020904,021909
020905,020901
020905,020904
020905,020906
020905,020907
020905,021202
020905,021210
020905,021804
020906,020901
020906,020902
020906,020904
020906,020905
020907,020901
020907,020903
020907,020905
020907,021804
021001,020105
021001,020401
021001,020606
021001,020608
021001,020701
021001,021003
021001,021007
021001,021008
021001,021009
021001,021014
021002,020302
021002,021005
021002,021006
021002,021010
021002,021016
021002,100510
021003,020302
021003,020305
021003,020306
021003,020701
021003,020702
021003,021001
021003,021007
021003,021009
021003,021011
021004,020101
021004,020108
021004,020504
021004,021008
021004,021014
021004,021702
021004,021710
021005,020302
021005,021002
021005,021011
021005,100506
021005,100510
021006,021002
021006,021010
021006,021013
021006,100403
021006,100502
021006,100510
021007,021001
021007,021003
021007,021008
021007,021009
021007,021011
021007,021012
021007,021014
021007,021015
021008,020101
021008,020105
021008,021001
021008,021004
021008,021007
021008,021014
021009,021001
021009,021003
021009,021007
021009,021011
021009,021012
021010,020301
021010,020304
021010,021002
021010,021006
021010,021016
021010,100401
021010,100403
021011,020302
021011,021003
021011,021005
021011,021007
021011,021009
021011,021012
021011,021015
021011,100506
021012,021007
021012,021009
021012,021011
021013,021006
021013,100502
021013,100503
021013,100505
021013,100510
021013,100511
021014,020504
021014,020508
021014,021001
021014,021004
021014,021007
021014,021008
021014,021015
021014,100501
021015,021007
021015,021011
021015,021014
021015,100501
021015,100506
021015,100509
021016,020302
021016,020304
021016,021002
021016,021010
021101,020202
021101,020507
021101,021102
021101,021103
021101,021104
021101,021105
021101,021708
021101,150202
021102,021101
021102,021105
021102,021703
021102,021708
021103,020104
021103,020109
021103,020202
021103,020801
021103,021101
021104,020202
021104,020205
021104,021101
021104,021105
021105,020201
021105,020205
021105,021101
021105,021102
021105,021104
021105,021703
021201,021203
021201,021205
021201,021206
021201,021207
021201,021208
021201,022001
021201,022008
021202,020905
021202,021204
021202,021208
021202,021209
021202,021210
021202,021804
021203,021201
021203,021205
021203,021206
021204,021202
021204,021205
021204,021208
021204,021209
021204,021802
021205,021201
021205,021203
021205,021204
021205,021206
021205,021208
021205,021802
021206,021201
021206,021203
021206,021205
021206,021207
021206,021802
021206,021805
021206,022005
021207,021201
021207,021206
021207,022001
021207,022002
021207,022004
021207,022005
021208,021201
021208,021202
021208,021204
021208,021205
021208,021210
021208,021601
021208,021602
021208,022008
021209,021202
021209,021204
021209,021802
021209,021804
021210,020904
021210,020905
021210,021202
021210,021208
021210,021601
021210,021909
021301,021302
021301,021304
021301,021307
021301,021308
021301,021602
021302,021301
021302,021304
021302,021601
021302,021602
021303,020702
021303,021304
021303,021305
021303,021308
021303,100402
021304,021301
021304,021302
021304,021303
021304,021308
021304,021601
021304,021604
021304,100402
021304,100701
021304,100703
021305,020702
021305,020703
021305,021303
021305,021308
021306,020701
021306,020703
021306,021307
021306,021308
021306,022008
021307,020703
021307,021301
021307,021306
021307,021308
021307,021602
021307,022008
021308,020703
021308,021301
021308,021303
021308,021304
021308,021305
021308,021306
021308,021307
021308,021602
021401,020505
021401,020510
021401,021403
021401,021405
021401,021406
021401,021407
021401,021408
021401,021409
021401,021410
021402,021404
021402,021405
021402,021408
021402,021410
021402,150305
021402,150802
021403,020505
021403,020506
021403,020512
021403,020514
021403,020515
021403,021401
021403,021407
021404,020512
021404,021402
021404,021408
021404,150302
021404,150304
021404,150305
021405,021401
021405,021402
021405,021409
021405,021410
021405,150201
021405,150203
021405,150204
021405,150802
021406,020507
021406,020510
021406,021401
021406,021409
021407,020512
021407,021401
021407,021403
021407,021408
021408,020512
021408,021401
021408,021402
021408,021404
021408,021407
021408,021410
021409,020507
021409,021401
021409,021405
021409,021406
021409,150202
021409,150203
021410,021401
021410,021402
021410,021405
021410,021408
021501,020901
021501,020902
021501,020904
021501,021502
021501,021503
021501,021505
021501,021511
021502,021501
021502,021505
021502,021508
021502,021511
021502,131001
021502,131007
021503,020904
021503,021501
021503,021505
021503,021506
021503,021509
021503,021902
021503,021905
021503,021908
021503,130803
021504,021505
021504,021508
021505,021501
021505,021502
021505,021503
021505,021504
021505,021506
021505,021508
021506,021503
021506,021505
021506,021508
021506,021509
021506,131005
021507,020901
021507,020903
021507,021510
021507,021511
021508,021502
021508,021504
021508,021505
021508,021506
021508,021509
021508,131002
021508,131005
021508,131007
021509,021503
021509,021506
021509,021508
021509,130803
021509,130806
021509,131005
021509,131008
021510,020903
021510,021507
021510,021511
021510,021801
021510,021804
021510,131001
021510,131202
021511,020901
021511,021501
021511,021502
021511,021507
021511,021510
021511,131001
021601,021208
021601,021210
021601,021302
021601,021304
021601,021602
021601,021603
021601,021604
021601,021909
021601,021910
021602,021208
021602,021301
021602,021302
021602,021307
021602,021308
021602,021601
021602,022008
021603,021601
021603,021604
021603,021903
021603,021906
021603,021910
021603,100701
021603,130804
021604,021304
021604,021601
021604,021603
021604,100701
021701,020101
021701,020108
021701,020201
021701,021710
021702,020201
021702,020501
021702,020504
021702,020505
021702,021004
021702,021703
021702,021704
021702,021706
021702,021707
021702,021709
021702,021710
021703,020201
021703,021102
021703,021105
021703,021702
021703,021708
021703,021709
021704,020503
021704,021702
021704,021705
021704,021706
021704,021709
021705,020503
021705,020507
021705,021704
021705,021708
021705,021709
021706,020503
021706,020505
021706,021702
021706,021704
021706,021707
021707,020505
021707,021702
021707,021706
021708,020503
021708,020507
021708,021101
021708,021102
021708,021703
021708,021705
021708,021709
021709,021702
021709,021703
021709,021704
021709,021705
021709,021708
021710,020108
021710,020201
021710,021004
021710,021701
021710,021702
021801,021510
021801,021802
021801,021803
021801,021804
021801,021806
021801,021808
021801,021809
021801,131001
021801,131202
021801,131203
021802,021204
021802,021205
021802,021206
021802,021209
021802,021801
021802,021804
021802,021805
021802,021806
021803,021801
021803,021808
021804,020903
021804,020905
021804,020907
021804,021202
021804,021209
021804,021510
021804,021801
021804,021802
021804,131001
021804,131202
021805,020801
021805,020802
021805,021206
021805,021802
021805,021806
021805,022005
021806,020801
021806,021801
021806,021802
021806,021805
021806,021807
021806,021809
021807,020801
021807,020803
021807,021806
021807,021809
021808,021801
021808,021803
021808,131203
021809,021801
021809,021806
021809,021807
021901,021904
021901,021906
021901,021908
021901,021909
021902,021503
021902,021905
021902,021907
021902,130803
021902,130812
021903,021603
021903,021906
021903,021907
021903,130804
021903,130811
021904,020904
021904,021901
021904,021908
021904,021909
021905,021503
021905,021902
021905,021906
021905,021907
021905,021908
021906,021603
021906,021901
021906,021903
021906,021905
021906,021907
021906,021908
021906,021909
021906,021910
021907,021902
021907,021903
021907,021905
021907,021906
021907,130811
021907,130812
021907,130813
021908,020904
021908,021503
021908,021901
021908,021904
021908,021905
021908,021906
021909,020904
021909,021210
021909,021601
021909,021901
021909,021904
021909,021906
021909,021910
021910,021601
021910,021603
021910,021906
021910,021909
022001,020609
022001,021201
022001,021207
022001,022003
022001,022004
022001,022006
022001,022008
022002,020102
022002,020804
022002,021207
022002,022004
022002,022005
022002,022007
022003,020603
022003,020605
022003,020609
022003,020610
022003,022001
022003,022004
022003,022006
022003,022007
022004,021207
022004,022001
022004,022002
022004,022003
022004,022006
022004,022007
022005,020802
022005,020804
022005,021206
022005,021207
022005,021805
022005,022002
022006,022001
022006,022003
022006,022004
022007,020102
022007,020110
022007,020601
022007,020605
022007,022002
022007,022003
022007,022004
022008,020401
022008,020402
022008,020609
022008,020701
022008,020703
022008,021201
022008,021208
022008,021306
022008,021307
022008,021602
022008,022001
030101,030104
030101,030105
030101,030106
030101,030107
030101,030109
030101,030204
030102,030103
030102,030107
030102,030302
030102,030404
030102,030414
030102,030415
030103,030102
030103,030106
030103,030107
030103,030302
030103,030306
030103,030701
030104,030101
030104,030106
030104,030108
030104,030109
030104,030502
030104,030503
030104,030703
030104,080304
030104,080306
030104,080307
030105,030101
030105,030108
030105,030109
030105,030204
030105,030208
030105,080908
030105,080909
030106,030101
030106,030103
030106,030104
030106,030107
030106,030701
030106,030702
030106,030703
030107,030101
030107,030102
030107,030103
030107,030106
030107,030204
030107,030207
030107,030404
030107,030415
030108,030104
030108,030105
030108,030109
030108,080307
030108,080908
030109,030101
030109,030104
030109,030105
030109,030108
030201,030209
030201,030213
030201,030216
030201,030217
030201,030218
030201,030405
030201,030409
030202,030209
030202,030216
030202,030219
030202,030605
030202,050505
030203,030205
030203,030206
030203,030212
030203,030214
030203,030217
030203,050904
030203,050909
030204,030101
030204,030105
030204,030107
030204,030207
030204,030208
030205,030203
030205,030212
030205,030215
030205,030216
030205,030217
030205,030218
030206,030203
030206,030211
030206,030214
030206,030217
030206,050907
030206,050910
030207,030107
030207,030204
030207,030208
030207,030209
030207,030213
030207,030219
030207,030415
030208,030105
030208,030204
030208,030207
030208,030209
030208,030219
030208,050505
030208,080909
030209,030201
030209,030202
030209,030207
030209,030208
030209,030213
030209,030216
030209,030219
030210,030211
030210,030402
030210,030406
030210,030412
030210,050606
030210,050701
030210,050908
030210,050911
030211,030206
030211,030210
030211,030217
030211,030402
030211,050910
030211,050911
030212,030203
030212,030205
030212,030215
030212,030607
030212,050902
030212,050903
030212,050904
030212,051103
030212,051107
030213,030201
030213,030207
030213,030209
030213,030409
030213,030411
030213,030415
030214,030203
030214,030206
030214,030217
030214,050907
030214,050909
030215,030205
030215,030212
030215,030216
030215,030218
030215,030605
030215,030607
030215,030608
030216,030201
030216,030202
030216,030205
030216,030209
030216,030215
030216,030218
030216,030605
030217,030201
030217,030203
030217,030205
030217,030206
030217,030211
030217,030214
030217,030218
030217,030402
030217,030405
030217,030416
030218,030201
030218,030205
030218,030215
030218,030216
030218,030217
030219,030202
030219,030207
030219,030208
030219,030209
030219,050505
030301,030303
030301,030304
030301,030305
030301,040804
030302,030102
030302,030103
030302,030306
030302,030410
030302,030414
030303,030301
030303,030304
030303,030305
030303,030307
030303,030707
030303,030713
030304,030301
030304,030303
030304,030307
030304,030403
030304,030406
030304,040804
030304,040805
030304,050703
030305,030301
030305,030303
030305,030504
030305,030506
030305,030705
030305,030706
030305,030711
030305,030713
030305,030714
030305,040804
030305,040806
030305,080701
030305,080706
030306,030103
030306,030302
030306,030307
030306,030410
030306,030701
030307,030303
030307,030304
030307,030306
030307,030401
030307,030403
030307,030410
030307,030701
030307,030707
030401,030307
030401,030403
030401,030406
030401,030408
030401,030410
030401,030412
030401,030413
030401,030417
030402,030210
030402,030211
030402,030217
030402,030407
030402,030412
030402,030413
030402,030416
030403,030304
030403,030307
030403,030401
030403,030406
030404,030102
030404,030107
030404,030405
030404,030407
030404,030408
030404,030414
030404,030415
030405,030201
030405,030217
030405,030404
030405,030407
030405,030408
030405,030409
030405,030414
030405,030415
030405,030416
030406,030210
030406,030304
030406,030401
030406,030403
030406,030412
030406,050701
030406,050703
030406,050708
030407,030402
030407,030404
030407,030405
030407,030408
030407,030413
030407,030414
030407,030416
030408,030401
030408,030404
030408,030405
030408,030407
030408,030413
030408,030414
030408,030417
030409,030201
030409,030213
030409,030405
030409,030411
030409,030415
030410,030302
030410,030306
030410,030307
030410,030401
030410,030414
030410,030417
030411,030213
030411,030409
030411,030415
030412,030210
030412,030401
030412,030402
030412,030406
030412,030413
030413,030401
030413,030402
030413,030407
030413,030408
030413,030412
030414,030102
030414,030302
030414,030404
030414,030405
030414,030407
030414,030408
030414,030410
030414,030417
030415,030102
030415,030107
030415,030207
030415,030213
030415,030404
030415,030405
030415,030409
030415,030411
030416,030217
030416,030402
030416,030405
030416,030407
030417,030401
030417,030408
030417,030410
030417,030414
030501,030502
030501,030503
030501,030505
030501,030506
030501,080304
030501,081003
030501,081005
030502,030104
030502,030501
030502,030503
030502,080304
030503,030104
030503,030501
030503,030502
030503,030506
030503,030703
030503,030704
030503,030708
030504,030305
030504,030505
030504,030506
030504,080704
030504,080706
030504,080707
030505,030501
030505,030504
030505,030506
030505,080702
030505,080704
030505,081003
030506,030305
030506,030501
030506,030503
030506,030504
030506,030505
030506,030708
030506,030714
030601,030602
030601,030603
030601,030604
030601,030606
030601,051104
030602,030601
030602,030603
030602,030606
030602,030607
030602,030608
030603,030601
030603,030602
030603,030607
030603,051101
030603,051104
030603,051107
030604,030601
030604,030606
030604,050106
030604,050502
030604,050504
030604,050505
030604,050506
030604,051104
030605,030202
030605,030215
030605,030216
030605,030606
030605,030608
030605,050505
030606,030601
030606,030602
030606,030604
030606,030605
030606,030608
030606,050505
030607,030212
030607,030215
030607,030602
030607,030603
030607,030608
030607,051107
030608,030215
030608,030602
030608,030605
030608,030606
030608,030607
030701,030103
030701,030106
030701,030306
030701,030307
030701,030702
030701,030707
030701,030710
030701,030712
030702,030106
030702,030701
030702,030703
030702,030704
030702,030706
030702,030708
030702,030712
030702,030714
030703,030104
030703,030106
030703,030503
030703,030702
030703,030704
030704,030503
030704,030702
030704,030703
030704,030708
030705,030305
030705,030706
030705,030709
030705,030711
030706,030305
030706,030702
030706,030705
030706,030707
030706,030709
030706,030710
030706,030712
030706,030714
030707,030303
030707,030307
030707,030701
030707,030706
030707,030709
030707,030710
030707,030711
030707,030713
030708,030503
030708,030506
030708,030702
030708,030704
030708,030714
030709,030705
030709,030706
030709,030707
030709,030710
030709,030711
030710,030701
030710,030706
030710,030707
030710,030709
030710,030712
030711,030305
030711,030705
030711,030707
030711,030709
030711,030713
030712,030701
030712,030702
030712,030706
030712,030710
030713,030303
030713,030305
030713,030707
030713,030711
030714,030305
030714,030506
030714,030702
030714,030706
030714,030708
040101,040102
040101,040107
040101,040109
040101,040110
040101,040112
040101,040117
040101,040126
040101,040129
040102,040101
040102,040103
040102,040106
040102,040110
040102,040119
040102,040126
040103,040102
040103,040104
040103,040106
040103,040110
040103,040119
040103,040126
040103,040128
040104,040103
040104,040117
040104,040123
040104,040124
040104,040126
040104,040128
040105,040106
040105,040111
040105,040113
040105,040116
040105,040119
040105,040122
040106,040102
040106,040103
040106,040105
040106,040109
040106,040110
040106,040112
040106,040116
040106,040119
040107,040101
040107,040117
040107,040122
040107,040123
040107,040127
040107,040129
040108,040124
040108,040125
040108,040127
040108,040701
040108,040702
040109,040101
040109,040106
040109,040110
040109,040112
040110,040101
040110,040102
040110,040103
040110,040106
040110,040109
040110,040119
040111,040105
040111,040113
040111,040115
040111,040122
040111,040127
040112,040101
040112,040106
040112,040109
040112,040116
040112,040129
040113,040105
040113,040111
040113,040114
040113,040115
040113,040119
040113,180208
040114,040113
040114,040115
040114,040127
040114,040702
040114,180205
040114,180208
040115,040111
040115,040113
040115,040114
040115,040127
040116,040105
040116,040106
040116,040112
040116,040122
040116,040129
040117,040101
040117,040104
040117,040107
040117,040123
040117,040126
040118,040120
040118,040121
040118,040207
040118,040520
040119,040102
040119,040103
040119,040105
040119,040106
040119,040110
040119,040113
040119,040128
040119,040514
040119,180203
040119,180207
040119,180208
040119,180210
040119,211103
040120,040118
040120,040121
040120,040125
040120,040508
040120,040511
040120,040520
040121,040118
040121,040120
040121,040125
040121,040207
040122,040105
040122,040107
040122,040111
040122,040116
040122,040127
040122,040129
040123,040104
040123,040107
040123,040117
040123,040124
040123,040127
040124,040104
040124,040108
040124,040123
040124,040125
040124,040127
040124,040128
040125,040108
040125,040120
040125,040121
040125,040124
040125,040128
040125,040207
040125,040508
040125,040701
040125,040704
040126,040101
040126,040102
040126,040103
040126,040104
040126,040117
040127,040107
040127,040108
040127,040111
040127,040114
040127,040115
040127,040122
040127,040123
040127,040124
040127,040701
040127,040702
040128,040103
040128,040104
040128,040119
040128,040124
040128,040125
040128,040502
040128,040508
040128,040514
040128,040519
040129,040101
040129,040107
040129,040112
040129,040116
040129,040122
040201,040202
040201,040204
040201,040208
040202,040201
040202,040204
040202,040205
040202,040208
040203,040206
040203,040301
040203,040303
040203,040602
040203,040606
040204,040201
040204,040202
040204,040205
040204,040206
040204,040601
040205,040202
040205,040204
040205,040208
040205,040413
040205,040520
040205,040601
040206,040203
040206,040204
040206,040303
040206,040601
040206,040602
040207,040118
040207,040121
040207,040125
040207,040208
040207,040520
040207,040704
040208,040201
040208,040202
040208,040205
040208,040207
040208,040520
040301,040203
040301,040303
040301,040306
040301,040606
040301,040608
040302,040305
040302,040310
040302,040313
040302,050617
040302,050619
040302,050621
040303,040203
040303,040206
040303,040301
040303,040306
040303,040308
040303,040312
040304,040307
040304,040309
040304,040310
040304,040313
040304,050619
040304,050705
040305,040302
040305,040311
040305,040313
040305,050617
040305,050621
040305,110304
040306,040301
040306,040303
040306,040312
040306,040606
040306,040608
040306,040809
040306,050706
040306,050801
040307,040304
040307,040308
040307,040309
040308,040303
040308,040307
040308,040309
040308,040312
040309,040304
040309,040307
040309,040308
040309,040312
040309,050705
040310,040302
040310,040304
040310,040313
040310,050619
040310,050705
040311,040305
040311,110304
040312,040303
040312,040306
040312,040308
040312,040309
040312,050705
040312,050706
040313,040302
040313,040304
040313,040305
040313,040310
040401,040407
040401,040410
040401,040411
040401,040412
040401,040413
040401,040601
040401,040605
040402,040403
040402,040404
040402,040405
040402,040408
040402,040409
040402,040603
040402,040607
040403,040402
040403,040404
040403,040406
040403,040408
040403,040412
040403,040507
040404,040402
040404,040403
040404,040406
040404,040409
040404,040505
040404,040603
040405,040402
040405,040409
040405,040603
040406,040403
040406,040404
040406,040503
040406,040505
040406,040507
040406,040516
040407,040401
040407,040412
040407,040413
040407,040507
040407,040511
040407,040520
040408,040402
040408,040403
040408,040411
040408,040412
040408,040414
040408,040607
040409,040402
040409,040404
040409,040405
040409,040603
040410,040401
040410,040411
040410,040414
040410,040601
040410,040602
040410,040605
040410,040607
040411,040401
040411,040408
040411,040410
040411,040412
040411,040414
040412,040401
040412,040403
040412,040407
040412,040408
040412,040411
040412,040507
040413,040205
040413,040401
040413,040407
040413,040520
040413,040601
040414,040408
040414,040410
040414,040411
040414,040607
040501,040504
040501,040506
040501,040515
040501,040518
040501,040519
040502,040128
040502,040506
040502,040508
040502,040509
040502,040510
040502,040511
040502,040512
040502,040519
040503,040406
040503,040507
040503,040510
040503,040511
040503,040512
040503,040513
040503,040516
040504,040501
040504,040514
040504,040515
040504,040517
040504,040519
040504,080802
040504,210709
040505,040404
040505,040406
040505,040510
040505,040515
040505,040516
040505,040517
040505,040518
040505,040603
040505,080701
040505,080803
040505,080807
040506,040501
040506,040502
040506,040509
040506,040510
040506,040518
040506,040519
040507,040403
040507,040406
040507,040407
040507,040412
040507,040503
040507,040511
040508,040120
040508,040125
040508,040128
040508,040502
040508,040511
040509,040502
040509,040506
040509,040510
040509,040512
040509,040519
040510,040502
040510,040503
040510,040505
040510,040506
040510,040509
040510,040512
040510,040513
040510,040516
040510,040518
040511,040120
040511,040407
040511,040502
040511,040503
040511,040507
040511,040508
040511,040512
040511,040520
040512,040502
040512,040503
040512,040509
040512,040510
040512,040511
040512,040513
040513,040503
040513,040510
040513,040512
040513,040516
040514,040119
040514,040128
040514,040504
040514,040519
040514,210709
040514,211103
040515,040501
040515,040504
040515,040505
040515,040517
040515,040518
040516,040406
040516,040503
040516,040505
040516,040510
040516,040513
040517,040504
040517,040505
040517,040515
040517,080801
040517,080802
040517,080803
040517,080804
040517,080807
040518,040501
040518,040505
040518,040506
040518,040510
040518,040515
040519,040128
040519,040501
040519,040502
040519,040504
040519,040506
040519,040509
040519,040514
040520,040118
040520,040120
040520,040205
040520,040207
040520,040208
040520,040407
040520,040413
040520,040511
040601,040204
040601,040205
040601,040206
040601,040401
040601,040410
040601,040413
040601,040602
040601,040605
040602,040203
040602,040206
040602,040410
040602,040601
040602,040606
040602,040607
040602,040608
040603,040402
040603,040404
040603,040405
040603,040409
040603,040505
040603,040607
040603,040806
040603,080701
040603,080803
040604,040607
040604,040608
040604,040811
040605,040401
040605,040410
040605,040601
040606,040203
040606,040301
040606,040306
040606,040602
040606,040608
040607,040402
040607,040408
040607,040410
040607,040414
040607,040602
040607,040603
040607,040604
040607,040608
040607,040801
040607,040802
040607,040806
040607,040810
040607,040811
040608,040301
040608,040306
040608,040602
040608,040604
040608,040606
040608,040607
040608,040809
040608,040811
040701,040108
040701,040125
040701,040127
040701,040702
040701,040704
040701,040705
040702,040108
040702,040114
040702,040127
040702,040701
040702,040703
040702,040705
040702,040706
040702,180101
040702,180205
040703,040702
040703,040705
040703,040706
040704,040125
040704,040207
040704,040701
040705,040701
040705,040702
040705,040703
040706,040702
040706,040703
040706,180101
040706,180303
040801,040607
040801,040804
040801,040805
040801,040810
040801,040811
040802,040607
040802,040804
040802,040806
040802,040810
040803,040805
040803,040807
040803,040811
040803,050803
040803,050806
040803,050809
040804,030301
040804,030304
040804,030305
040804,040801
040804,040802
040804,040805
040804,040806
040804,040810
040804,050703
040805,030304
040805,040801
040805,040803
040805,040804
040805,040811
040805,050703
040805,050806
040806,030305
040806,040603
040806,040607
040806,040802
040806,040804
040806,080701
040807,040803
040807,040809
040807,040811
040807,050803
040807,050809
040808,040809
040808,050801
040808,050803
040809,040306
040809,040608
040809,040807
040809,040808
040809,040811
040809,050801
040809,050803
040810,040607
040810,040801
040810,040802
040810,040804
040811,040604
040811,040607
040811,040608
040811,040801
040811,040803
040811,040805
040811,040807
040811,040809
050101,050104
050101,050107
050101,050108
050101,050109
050101,050110
050101,050112
050101,050113
050101,050115
050102,050103
050102,050105
050102,050106
050102,050113
050102,050501
050102,050504
050102,050506
050102,051108
050103,050102
050103,050108
050103,050113
050103,050501
050104,050101
050104,050105
050104,050110
050104,050112
050105,050102
050105,050104
050105,050110
050105,050112
050105,050113
050105,050114
050105,050201
050105,050203
050105,051108
050106,030604
050106,050102
050106,050506
050106,051104
050106,051108
050107,050101
050107,050108
050107,050109
050107,050115
050107,050403
050107,050404
050108,050101
050108,050103
050108,050107
050108,050113
050108,050115
050108,050403
050108,050501
050108,050508
050109,050101
050109,050107
050109,050111
050109,050112
050109,050114
050109,050404
050109,090305
050109,090311
050110,050101
050110,050104
050110,050105
050110,050113
050111,050109
050111,090305
050111,090309
050111,090310
050111,090311
050112,050101
050112,050104
050112,050105
050112,050109
050112,050114
050113,050101
050113,050102
050113,050103
050113,050105
050113,050108
050113,050110
050113,050115
050114,050105
050114,050109
050114,050112
050114,050202
050114,050203
050114,050205
050114,090301
050114,090311
050114,090607
050115,050101
050115,050107
050115,050108
050115,050113
050201,050105
050201,050203
050201,050204
050201,051001
050201,051002
050201,051007
050201,051108
050202,050114
050202,050203
050202,050204
050202,050205
050202,050206
050202,051002
050202,051008
050202,051011
050202,051012
050203,050105
050203,050114
050203,050201
050203,050202
050203,050204
050204,050201
050204,050202
050204,050203
050204,051002
050205,050114
050205,050202
050205,050206
050205,051012
050205,090607
050206,050202
050206,050205
050206,051011
050206,051012
050301,050302
050301,050303
050301,050304
050301,050602
050301,050608
050301,050610
050301,050618
050301,090607
050301,090608
050301,090614
050302,050301
050302,050303
050302,050304
050302,051008
050302,051009
050302,051011
050303,050301
050303,050302
050303,050602
050303,051001
050303,051005
050303,051009
050304,050301
050304,050302
050304,051011
050304,051012
050304,090607
050401,050403
050401,050404
050401,050405
050401,050406
050401,050407
050401,050503
050401,050508
050401,090305
050402,050406
050402,050408
050402,090503
050402,090509
050402,090510
050402,090705
050402,090718
050402,120606
050403,050107
050403,050108
050403,050401
050403,050404
050403,050508
050404,050107
050404,050109
050404,050401
050404,050403
050404,090305
050405,050401
050405,050406
050405,090205
050405,090305
050405,090505
050406,050401
050406,050402
050406,050405
050406,050407
050406,050408
050406,090501
050406,090505
050406,090509
050407,050401
050407,050406
050407,050408
050407,050503
050407,080910
050408,050402
050408,050406
050408,050407
050408,080910
050408,120606
050408,120608
050501,050102
050501,050103
050501,050108
050501,050502
050501,050504
050501,050507
050501,050508
050501,080907
050502,030604
050502,050501
050502,050504
050502,050505
050502,080907
050502,080909
050503,050401
050503,050407
050503,050507
050503,050508
050503,080907
050503,080910
050504,030604
050504,050102
050504,050501
050504,050502
050504,050506
050505,030202
050505,030208
050505,030219
050505,030604
050505,030605
050505,030606
050505,050502
050505,080909
050506,030604
050506,050102
050506,050106
050506,050504
050507,050501
050507,050503
050507,050508
050507,080907
050508,050108
050508,050401
050508,050403
050508,050501
050508,050503
050508,050507
050601,050604
050601,050605
050601,050606
050601,050611
050601,050615
050601,050616
050601,050617
050601,050701
050602,050301
050602,050303
050602,050603
050602,050611
050602,050618
050602,050620
050602,050905
050602,051003
050602,051005
050603,050602
050603,050604
050603,050606
050603,050611
050603,050620
050603,050905
050604,050601
050604,050603
050604,050606
050604,050611
050605,050601
050605,050617
050605,050619
050605,050701
050605,050702
050605,050705
050606,030210
050606,050601
050606,050603
050606,050604
050606,050701
050606,050905
050606,050906
050606,050908
050606,050911
050607,050610
050607,090606
050607,090614
050607,110403
050607,110405
050608,050301
050608,050610
050608,050612
050608,050618
050608,110401
050609,050611
050609,050613
050609,050621
050609,110301
050609,110303
050609,110305
050610,050301
050610,050607
050610,050608
050610,090614
050610,110401
050610,110403
050611,050601
050611,050602
050611,050603
050611,050604
050611,050609
050611,050613
050611,050615
050611,050616
050611,050618
050611,050621
050612,050608
050612,050613
050612,050618
050612,110303
050612,110401
050612,110402
050613,050609
050613,050611
050613,050612
050613,050618
050613,110303
050614,050615
050614,050617
050614,050621
050615,050601
050615,050611
050615,050614
050615,050616
050615,050617
050615,050621
050616,050601
050616,050611
050616,050615
050617,040302
050617,040305
050617,050601
050617,050605
050617,050614
050617,050615
050617,050619
050617,050621
050618,050301
050618,050602
050618,050608
050618,050611
050618,050612
050618,050613
050619,040302
050619,040304
050619,040310
050619,050605
050619,050617
050619,050705
050620,050602
050620,050603
050620,050905
050620,050906
050620,051003
050621,040302
050621,040305
050621,050609
050621,050611
050621,050614
050621,050615
050621,050617
050621,110304
050621,110305
050701,030210
050701,030406
050701,050601
050701,050605
050701,050606
050701,050702
050701,050708
050701,050804
050702,050605
050702,050701
050702,050705
050702,050706
050702,050804
050703,030304
050703,030406
050703,040804
050703,040805
050703,050704
050703,050708
050703,050806
050704,050703
050704,050707
050704,050708
050704,050804
050704,050806
050705,040304
050705,040309
050705,040310
050705,040312
050705,050605
050705,050619
050705,050702
050705,050706
050706,040306
050706,040312
050706,050702
050706,050705
050706,050801
050706,050804
050706,050810
050707,050704
050707,050708
050707,050804
050707,050805
050707,050806
050707,050808
050708,030406
050708,050701
050708,050703
050708,050704
050708,050707
050708,050804
050801,040306
050801,040808
050801,040809
050801,050706
050801,050802
050801,050803
050801,050804
050801,050807
050801,050810
050802,050801
050802,050803
050802,050804
050802,050805
050802,050806
050802,050808
050802,050809
050803,040803
050803,040807
050803,040808
050803,040809
050803,050801
050803,050802
050803,050809
050804,050701
050804,050702
050804,050704
050804,050706
050804,050707
050804,050708
050804,050801
050804,050802
050804,050805
050804,050807
050804,050810
050805,050707
050805,050802
050805,050804
050805,050808
050806,040803
050806,040805
050806,050703
050806,050704
050806,050707
050806,050802
050806,050808
050806,050809
050807,050801
050807,050804
050807,050810
050808,050707
050808,050802
050808,050805
050808,050806
050809,040803
050809,040807
050809,050802
050809,050803
050809,050806
050810,050706
050810,050801
050810,050804
050810,050807
050901,050903
050901,050904
050901,050906
050901,050909
050901,050911
050901,051003
050901,051005
050901,051106
050902,030212
050902,050903
050902,051102
050902,051103
050902,051105
050903,030212
050903,050901
050903,050902
050903,050904
050903,051102
050903,051106
050904,030203
050904,030212
050904,050901
050904,050903
050904,050909
050905,050602
050905,050603
050905,050606
050905,050620
050905,050906
050905,051003
050906,050606
050906,050620
050906,050901
050906,050905
050906,050911
050906,051003
050906,051004
050907,030206
050907,030214
050907,050909
050907,050910
050908,030210
050908,050606
050908,050911
050909,030203
050909,030214
050909,050901
050909,050904
050909,050907
050909,050910
050909,050911
050910,030206
050910,030211
050910,050907
050910,050909
050910,050911
050911,030210
050911,030211
050911,050606
050911,050901
050911,050906
050911,050908
050911,050909
050911,050910
051001,050201
051001,050303
051001,051002
051001,051005
051001,051006
051001,051007
051001,051009
051001,051010
051002,050201
051002,050202
051002,050204
051002,051001
051002,051008
051002,051009
051002,051011
051003,050602
051003,050620
051003,050901
051003,050905
051003,050906
051003,051004
051003,051005
051004,050906
051004,051003
051005,050303
051005,050602
051005,050901
051005,051001
051005,051003
051005,051010
051005,051106
051006,051001
051006,051007
051006,051010
051006,051102
051006,051105
051007,050201
051007,051001
051007,051006
051007,051101
051007,051105
051007,051108
051008,050202
051008,050302
051008,051002
051008,051009
051008,051011
051009,050302
051009,050303
051009,051001
051009,051002
051009,051008
051010,051001
051010,051005
051010,051006
051010,051102
051010,051105
051010,051106
051011,050202
051011,050206
051011,050302
051011,050304
051011,051002
051011,051008
051011,051012
051012,050202
051012,050205
051012,050206
051012,050304
051012,051011
051012,090607
051101,030603
051101,051007
051101,051104
051101,051105
051101,051107
051101,051108
051102,050902
051102,050903
051102,051006
051102,051010
051102,051105
051102,051106
051103,030212
051103,050902
051103,051105
051103,051107
051104,030601
051104,030603
051104,030604
051104,050106
051104,051101
051104,051108
051105,050902
051105,051006
051105,051007
051105,051010
051105,051101
051105,051102
051105,051103
051105,051107
051106,050901
051106,050903
051106,051005
051106,051010
051106,051102
051107,030212
051107,030603
051107,030607
051107,051101
051107,051103
051107,051105
051108,050102
051108,050105
051108,050106
051108,050201
051108,051007
051108,051101
051108,051104
060101,060103
060101,060105
060101,060106
060101,060107
060101,060108
060101,060109
060101,060112
060101,061201
060101,061204
060102,060104
060102,060106
060102,060109
060102,060112
060102,060501
060103,060101
060103,060109
060103,061201
060103,061202
060104,060102
060104,060106
060104,060202
060104,060501
060104,131101
060104,131102
060104,131104
060105,060101
060105,060108
060105,060111
060105,060304
060105,060308
060105,060309
060105,060310
060105,060701
060105,060703
060105,061004
060105,061204
060106,060101
060106,060102
060106,060104
060106,060107
060106,060110
060106,060111
060106,060112
060106,060202
060106,061001
060107,060101
060107,060106
060107,060108
060107,060111
060108,060101
060108,060105
060108,060107
060108,060111
060109,060101
060109,060102
060109,060103
060109,060112
060109,060501
060109,060502
060109,061202
060110,060106
060110,060111
060110,061001
060110,061004
060111,060105
060111,060106
060111,060107
060111,060108
060111,060110
060111,061004
060112,060101
060112,060102
060112,060106
060112,060109
060201,060202
060201,060203
060201,060204
060201,130905
060201,130906
060202,060104
060202,060106
060202,060201
060202,060203
060202,061001
060202,061003
060202,130605
060202,130614
060202,130906
060202,131104
060203,060201
060203,060202
060203,060204
060203,061003
060203,061005
060204,060201
060204,060203
060204,061003
060204,061005
060204,061006
060204,061007
060204,130301
060204,130302
060204,130905
060204,130908
060301,010103
060301,010503
060301,060302
060301,060304
060301,060306
060301,060307
060301,060311
060301,060312
060302,010503
060302,010514
060302,060301
060302,060303
060302,060307
060303,010513
060303,010514
060303,060302
060303,060307
060303,060403
060303,060406
060303,060413
060304,060105
060304,060301
060304,060306
060304,060307
060304,060309
060304,060310
060304,060312
060304,060701
060305,010106
060305,060306
060305,060308
060305,060310
060305,060311
060306,060301
060306,060304
060306,060305
060306,060310
060306,060311
060307,060301
060307,060302
060307,060303
060307,060304
060307,060312
060307,060413
060307,060701
060308,010106
060308,060105
060308,060305
060308,060310
060308,061004
060308,061007
060308,130304
060309,060105
060309,060304
060309,060310
060310,060105
060310,060304
060310,060305
060310,060306
060310,060308
060310,060309
060311,010103
060311,010106
060311,060301
060311,060305
060311,060306
060312,060301
060312,060304
060312,060307
060401,060404
060401,060408
060401,060410
060401,060419
060401,060601
060401,060701
060401,060702
060401,060703
060402,060405
060402,060417
060402,060610
060402,060614
060403,060303
060403,060406
060403,060413
060403,060417
060403,060419
060404,060401
060404,060408
060404,060417
060404,060601
060405,010502
060405,010515
060405,060402
060405,060406
060405,060414
060405,060417
060405,060610
060406,010513
060406,010515
060406,060303
060406,060403
060406,060405
060406,060417
060407,060409
060407,060410
060407,060601
060407,061304
060408,060401
060408,060404
060408,060417
060408,060419
060409,060407
060409,060411
060409,060415
060409,060601
060409,061304
060409,061309
060410,060401
060410,060407
060410,060601
060410,060702
060410,061304
060410,061310
060411,060409
060411,060412
060411,060415
060411,060416
060411,061303
060411,061309
060411,140102
060411,140110
060412,060411
060412,060415
060412,060416
060412,060418
060412,060607
060412,140102
060412,140203
060412,140205
060413,060303
060413,060307
060413,060403
060413,060419
060413,060701
060414,010502
060414,010706
060414,060405
060414,060604
060414,060605
060414,060610
060415,060409
060415,060411
060415,060412
060415,060416
060415,060601
060415,060607
060416,060411
060416,060412
060416,060415
060417,060402
060417,060403
060417,060404
060417,060405
060417,060406
060417,060408
060417,060419
060417,060601
060417,060614
060418,060412
060418,140102
060418,140205
060419,060401
060419,060403
060419,060408
060419,060413
060419,060417
060419,060701
060501,060102
060501,060104
060501,060109
060501,060502
060501,060504
060501,060505
060501,060506
060501,131101
060502,060109
060502,060501
060502,060506
060502,060507
060502,061202
060503,060504
060503,060505
060503,060507
060503,060508
060503,130208
060503,130701
060504,060501
060504,060503
060504,060505
060504,060506
060504,060507
060505,060501
060505,060503
060505,060504
060505,130201
060505,130202
060505,130208
060505,131101
060506,060501
060506,060502
060506,060504
060506,060507
060507,060502
060507,060503
060507,060504
060507,060506
060507,060508
060507,061101
060507,061202
060508,060503
060508,060507
060508,061101
060508,061110
060508,061113
060508,130401
060508,130701
060508,130702
060508,130705
060601,060401
060601,060404
060601,060407
060601,060409
060601,060410
060601,060415
060601,060417
060601,060602
060601,060607
060601,060612
060601,060614
060602,060601
060602,060607
060602,060608
060602,060611
060602,060612
060602,060804
060602,060808
060603,010703
060603,060606
060603,060615
060603,060801
060603,060802
060603,060804
060604,010706
060604,010707
060604,060414
060604,060605
060604,060609
060604,060613
060605,060414
060605,060604
060605,060609
060605,060610
060606,060603
060606,060608
060606,060611
060606,060613
060606,060615
060606,060804
060607,060412
060607,060415
060607,060601
060607,060602
060607,060612
060607,060808
060607,140202
060607,140203
060608,060602
060608,060606
060608,060609
060608,060611
060608,060612
060608,060613
060608,060614
060609,060604
060609,060605
060609,060608
060609,060610
060609,060613
060609,060614
060610,060402
060610,060405
060610,060414
060610,060605
060610,060609
060610,060614
060611,060602
060611,060606
060611,060608
060611,060804
060612,060601
060612,060602
060612,060607
060612,060608
060612,060614
060613,010703
060613,010707
060613,060604
060613,060606
060613,060608
060613,060609
060613,060615
060614,060402
060614,060417
060614,060601
060614,060608
060614,060609
060614,060610
060614,060612
060615,010703
060615,060603
060615,060606
060615,060613
060701,060105
060701,060304
060701,060307
060701,060401
060701,060413
060701,060419
060701,060703
060702,060401
060702,060410
060702,060703
060702,061104
060702,061306
060702,061310
060703,060105
060703,060401
060703,060701
060703,060702
060703,061104
060703,061107
060703,061204
060801,060603
060801,060802
060801,060803
060801,060804
060801,060805
060801,060806
060801,060811
060802,010201
060802,010703
060802,010704
060802,060603
060802,060801
060802,060805
060802,060806
060802,060811
060802,060812
060802,060902
060802,060903
060802,060904
060803,060801
060803,060804
060803,060807
060803,060809
060803,060810
060803,060811
060803,060907
060804,060602
060804,060603
060804,060606
060804,060611
060804,060801
060804,060803
060804,060807
060804,060808
060805,060801
060805,060802
060805,060806
060805,060811
060806,060801
060806,060802
060806,060805
060807,060803
060807,060804
060807,060808
060807,060810
060807,140202
060807,140310
060807,200304
060808,060602
060808,060607
060808,060804
060808,060807
060808,140202
060809,060803
060809,060810
060809,060907
060809,200304
060809,200307
060810,060803
060810,060807
060810,060809
060810,200304
060811,060801
060811,060802
060811,060803
060811,060805
060811,060904
060811,060907
060812,010201
060812,010202
060812,060802
060812,060903
060901,060902
060901,060905
060901,060906
060901,060907
060902,060802
060902,060901
060902,060903
060902,060904
060902,060906
060902,060907
060903,010202
060903,010205
060903,060802
060903,060812
060903,060902
060903,060906
060904,060802
060904,060811
060904,060902
060904,060907
060905,060901
060905,060907
060905,200303
060906,060901
060906,060902
060906,060903
060907,060803
060907,060809
060907,060811
060907,060901
060907,060902
060907,060904
060907,060905
060907,200301
060907,200303
060907,200307
061001,060106
061001,060110
061001,060202
061001,061002
061001,061003
061001,061004
061001,061005
061001,061006
061001,061007
061002,061001
061002,061003
061002,061005
061003,060202
061003,060203
061003,060204
061003,061001
061003,061002
061003,061005
061004,060105
061004,060110
061004,060111
061004,060308
061004,061001
061004,061007
061005,060203
061005,060204
061005,061001
061005,061002
061005,061003
061005,061006
061006,060204
061006,061001
061006,061005
061006,061007
061007,060204
061007,060308
061007,061001
061007,061004
061007,061006
061007,130301
061007,130304
061007,130306
061101,060507
061101,060508
061101,061103
061101,061105
061101,061107
061101,061111
061101,061113
061101,061201
061101,061202
061101,061203
061102,061108
061102,061109
061102,061110
061103,061101
061103,061105
061103,061106
061103,061107
061103,061109
061103,061112
061103,061303
061103,061307
061104,060702
061104,060703
061104,061107
061104,061112
061104,061306
061105,061101
061105,061103
061105,061109
061105,061113
061106,061103
061106,061109
061106,061303
061106,140110
061107,060703
061107,061101
061107,061103
061107,061104
061107,061111
061107,061112
061107,061204
061108,061102
061108,061109
061108,061110
061108,130402
061108,140109
061108,140110
061109,061102
061109,061103
061109,061105
061109,061106
061109,061108
061109,061110
061109,061113
061109,140110
061110,060508
061110,061102
061110,061108
061110,061109
061110,061113
061110,130401
061110,130402
061111,061101
061111,061107
061111,061201
061111,061204
061112,061103
061112,061104
061112,061107
061112,061306
061112,061307
061112,061311
061113,060508
061113,061101
061113,061105
061113,061109
061113,061110
061201,060101
061201,060103
061201,061101
061201,061111
061201,061202
061201,061203
061201,061204
061202,060103
061202,060109
061202,060502
061202,060507
061202,061101
061202,061201
061202,061203
061203,061101
061203,061201
061203,061202
061204,060101
061204,060105
061204,060703
061204,061107
061204,061111
061204,061201
061301,061303
061301,061304
061301,061305
061301,061307
061301,061308
061301,061309
061301,061311
061302,061305
061302,061306
061302,061311
061303,060411
061303,061103
061303,061106
061303,061301
061303,061307
061303,061309
061303,140110
061304,060407
061304,060409
061304,060410
061304,061301
061304,061305
061304,061309
061304,061310
061305,061301
061305,061302
061305,061304
061305,061306
061305,061308
061305,061310
061305,061311
061306,060702
061306,061104
061306,061112
061306,061302
061306,061305
061306,061310
061306,061311
061307,061103
061307,061112
061307,061301
061307,061303
061307,061308
061307,061311
061308,061301
061308,061305
061308,061307
061308,061311
061309,060409
061309,060411
061309,061301
061309,061303
061309,061304
061310,060410
061310,060702
061310,061304
061310,061305
061310,061306
061311,061112
061311,061301
061311,061302
061311,061305
061311,061306
061311,061307
061311,061308
070101,070102
070101,070103
070101,070104
070101,070106
070101,150101
070101,150135
070102,070101
070102,070104
070102,150101
070102,150136
070103,070101
070103,150101
070103,150135
070104,070101
070104,070102
070104,150136
070106,070101
070106,150102
070106,150125
070106,150135
070106,150139
080101,080102
080101,080103
080101,080105
080101,080106
080101,080108
080101,080303
080101,080402
080101,080407
080101,081302
080102,080101
080102,080103
080102,080106
080102,080301
080102,080304
080102,080308
080102,081005
080103,080101
080103,080102
080103,080303
080103,080308
080104,080105
080104,080107
080104,080406
080104,080407
080104,081009
080104,081208
080104,081211
080105,080101
080105,080104
080105,080106
080105,080108
080105,080407
080105,081009
080106,080101
080106,080102
080106,080105
080106,080108
080106,081005
080106,081009
080107,080104
080107,080406
080107,081211
080108,080101
080108,080105
080108,080106
080201,080203
080201,080205
080201,080206
080201,080207
080201,081207
080201,081212
080202,080204
080202,080205
080202,080207
080202,080508
080202,080602
080203,080201
080203,080205
080203,080206
080203,081004
080203,081006
080203,081008
080204,080202
080204,080205
080204,080506
080204,080508
080204,080602
080204,080603
080205,080201
080205,080202
080205,080203
080205,080204
080205,080207
080205,080508
080205,080705
080205,081006
080206,080201
080206,080203
080206,081001
080206,081004
080206,081202
080206,081207
080206,081208
080207,080201
080207,080202
080207,080205
080207,080602
080207,081206
080207,081212
080301,080102
080301,080303
080301,080304
080301,080305
080301,080308
080301,080309
080301,081302
080301,081305
080302,080304
080302,080305
080302,080306
080302,080309
080303,080101
080303,080103
080303,080301
080303,080308
080303,081302
080304,030104
080304,030501
080304,030502
080304,080102
080304,080301
080304,080302
080304,080306
080304,080309
080304,081005
080305,080301
080305,080302
080305,080306
080305,080309
080305,081305
080305,081306
080306,030104
080306,080302
080306,080304
080306,080305
080306,080307
080306,080908
080306,081304
080306,081306
080307,030104
080307,030108
080307,080306
080307,080908
080307,081304
080308,080102
080308,080103
080308,080301
080308,080303
080309,080301
080309,080302
080309,080304
080309,080305
080401,080402
080401,080403
080401,080404
080401,081103
080401,081104
080401,081301
080401,081302
080401,081303
080401,081307
080402,080101
080402,080401
080402,080403
080402,080405
080402,080407
080402,081302
080403,080401
080403,080402
080403,080405
080403,081104
080404,080401
080404,080408
080404,080905
080404,081103
080404,081301
080404,081306
080405,080402
080405,080403
080405,080406
080405,080407
080405,081104
080406,080104
080406,080107
080406,080405
080406,080407
080406,081102
080406,081104
080406,081208
080406,081211
080407,080101
080407,080104
080407,080105
080407,080402
080407,080405
080407,080406
080408,080404
080408,080905
080408,080906
080408,081103
080408,081106
080408,170201
080501,080504
080501,080506
080501,080507
080501,080508
080501,080601
080501,080606
080501,080608
080501,080705
080502,080503
080502,080504
080502,080507
080502,080705
080502,080803
080502,080806
080503,080502
080503,080504
080503,080505
080503,080806
080504,080501
080504,080502
080504,080503
080504,080505
080504,080507
080504,080601
080504,080604
080505,080503
080505,080504
080505,080604
080505,080806
080505,080808
080505,210805
080505,210806
080505,210808
080506,080204
080506,080501
080506,080508
080506,080603
080506,080608
080507,080501
080507,080502
080507,080504
080507,080705
080508,080202
080508,080204
080508,080205
080508,080501
080508,080506
080508,080705
080601,080501
080601,080504
080601,080604
080601,080606
080601,210806
080602,080202
080602,080204
080602,080207
080602,080603
080602,080605
080602,080606
080602,081206
080602,210305
080603,080204
080603,080506
080603,080602
080603,080606
080603,080607
080603,080608
080604,080504
080604,080505
080604,080601
080604,210806
080605,080602
080605,081206
080605,081209
080605,081210
080605,210305
080606,080501
080606,080601
080606,080602
080606,080603
080606,080607
080606,080608
080606,210305
080606,210806
080607,080603
080607,080606
080607,080608
080608,080501
080608,080506
080608,080603
080608,080606
080608,080607
080701,030305
080701,040505
080701,040603
080701,040806
080701,080703
080701,080704
080701,080706
080701,080708
080701,080803
080702,030505
080702,080703
080702,080704
080702,081002
080702,081003
080702,081006
080703,080701
080703,080702
080703,080704
080703,080705
080703,080708
080703,081006
080704,030504
080704,030505
080704,080701
080704,080702
080704,080703
080704,080706
080704,080707
080704,081006
080705,080205
080705,080501
080705,080502
080705,080507
080705,080508
080705,080703
080705,080708
080705,080803
080705,081006
080706,030305
080706,030504
080706,080701
080706,080704
080706,080707
080707,030504
080707,080704
080707,080706
080708,080701
080708,080703
080708,080705
080708,080803
080801,040517
080801,080803
080801,080804
080801,080805
080801,080806
080801,080808
080802,040504
080802,040517
080802,080804
080802,080805
080802,210705
080802,210709
080803,040505
080803,040517
080803,040603
080803,080502
080803,080701
080803,080705
080803,080708
080803,080801
080803,080806
080803,080807
080804,040517
080804,080801
080804,080802
080804,080805
080805,080801
080805,080802
080805,080804
080805,080808
080805,210705
080805,210803
080805,210804
080805,210805
080806,080502
080806,080503
080806,080505
080806,080801
080806,080803
080806,080808
080807,040505
080807,040517
080807,080803
080808,080505
080808,080801
080808,080805
080808,080806
080808,210805
080901,080902
080901,080904
080901,080909
080902,080901
080902,080904
080902,080905
080902,080906
080902,080907
080902,080909
080902,120608
080902,170201
080902,170202
080902,250202
080903,080904
080903,080905
080903,080908
080903,081304
080903,081306
080904,080901
080904,080902
080904,080903
080904,080905
080904,080908
080904,080909
080905,080404
080905,080408
080905,080902
080905,080903
080905,080904
080905,080906
080905,081306
080906,080408
080906,080902
080906,080905
080906,170201
080907,050501
080907,050502
080907,050503
080907,050507
080907,080902
080907,080909
080907,080910
080907,120608
080908,030105
080908,030108
080908,080306
080908,080307
080908,080903
080908,080904
080908,080909
080908,081304
080909,030105
080909,030208
080909,050502
080909,050505
080909,080901
080909,080902
080909,080904
080909,080907
080909,080908
080910,050407
080910,050408
080910,050503
080910,080907
080910,120606
080910,120608
081001,080206
081001,081004
081001,081007
081001,081009
081001,081208
081002,080702
081002,081003
081002,081004
081002,081006
081002,081008
081003,030501
081003,030505
081003,080702
081003,081002
081003,081004
081003,081005
081003,081007
081004,080203
081004,080206
081004,081001
081004,081002
081004,081003
081004,081007
081004,081008
081005,030501
081005,080102
081005,080106
081005,080304
081005,081003
081005,081007
081005,081009
081006,080203
081006,080205
081006,080702
081006,080703
081006,080704
081006,080705
081006,081002
081006,081008
081007,081001
081007,081003
081007,081004
081007,081005
081007,081009
081008,080203
081008,081002
081008,081004
081008,081006
081009,080104
081009,080105
081009,080106
081009,081001
081009,081005
081009,081007
081009,081208
081101,081103
081101,081104
081101,081106
081101,081204
081101,081205
081102,080406
081102,081104
081102,081105
081102,081201
081102,081202
081102,081205
081102,081208
081103,080401
081103,080404
081103,080408
081103,081101
081103,081104
081103,081106
081104,080401
081104,080403
081104,080405
081104,080406
081104,081101
081104,081102
081104,081103
081104,081105
081104,081205
081105,081102
081105,081104
081105,081205
081106,080408
081106,081101
081106,081103
081106,081203
081106,081204
081106,081209
081106,081210
081106,170201
081106,170203
081201,081102
081201,081202
081201,081205
081201,081207
081201,081212
081202,080206
081202,081102
081202,081201
081202,081207
081202,081208
081203,081106
081203,081209
081203,170203
081203,170204
081203,210303
081203,210308
081203,210309
081204,081101
081204,081106
081204,081205
081204,081210
081205,081101
081205,081102
081205,081104
081205,081105
081205,081201
081205,081204
081205,081210
081205,081212
081206,080207
081206,080602
081206,080605
081206,081210
081206,081212
081207,080201
081207,080206
081207,081201
081207,081202
081207,081212
081208,080104
081208,080206
081208,080406
081208,081001
081208,081009
081208,081102
081208,081202
081208,081211
081209,080605
081209,081106
081209,081203
081209,081210
081209,210305
081209,210308
081210,080605
081210,081106
081210,081204
081210,081205
081210,081206
081210,081209
081210,081212
081211,080104
081211,080107
081211,080406
081211,081208
081212,080201
081212,080207
081212,081201
081212,081205
081212,081206
081212,081207
081212,081210
081301,080401
081301,080404
081301,081303
081301,081305
081301,081306
081301,081307
081302,080101
081302,080301
081302,080303
081302,080401
081302,080402
081302,081303
081302,081305
081303,080401
081303,081301
081303,081302
081303,081305
081303,081307
081304,080306
081304,080307
081304,080903
081304,080908
081304,081306
081305,080301
081305,080305
081305,081301
081305,081302
081305,081303
081305,081306
081305,081307
081306,080305
081306,080306
081306,080404
081306,080903
081306,080905
081306,081301
081306,081304
081306,081305
081307,080401
081307,081301
081307,081303
081307,081305
090101,090103
090101,090106
090101,090114
090101,090117
090101,090118
090101,090304
090101,090401
090101,090411
090102,090110
090102,090113
090102,090116
090102,090118
090102,090405
090102,120108
090102,151006
090102,151012
090102,151019
090102,151031
090103,090101
090103,090111
090103,090114
090103,090117
090103,090119
090103,090202
090103,090206
090103,090502
090103,090701
090103,090704
090103,090705
090104,090105
090104,090108
090104,090109
090104,090112
090104,090119
090105,090104
090105,090108
090105,090112
090105,090115
090105,090702
090106,090101
090106,090301
090106,090304
090106,090411
090106,090607
090107,090112
090107,090116
090107,120104
090107,120105
090107,120112
090108,090104
090108,090105
090108,090119
090108,090702
090109,090104
090109,090110
090109,090112
090109,090113
090109,090119
090110,090102
090110,090109
090110,090112
090110,090113
090110,090116
090111,090103
090111,090119
090111,090704
090112,090104
090112,090105
090112,090107
090112,090109
090112,090110
090112,090115
090112,090116
090112,090710
090112,120112
090113,090102
090113,090109
090113,090110
090113,090118
090113,090119
090114,090101
090114,090103
090114,090118
090114,090119
090115,090105
090115,090112
090115,090702
090115,090710
090115,120112
090116,090102
090116,090107
090116,090110
090116,090112
090116,120105
090116,120108
090117,090101
090117,090103
090117,090203
090117,090206
090117,090302
090117,090304
090118,090101
090118,090102
090118,090113
090118,090114
090118,090119
090118,090401
090118,090403
090118,090405
090119,090103
090119,090104
090119,090108
090119,090109
090119,090111
090119,090113
090119,090114
090119,090118
090119,090702
090119,090704
090201,090203
090201,090204
090201,090207
090201,090208
090201,090303
090201,090306
090201,090307
090201,090504
090201,090506
090202,090103
090202,090206
090202,090208
090202,090502
090203,090117
090203,090201
090203,090206
090203,090208
090203,090302
090203,090303
090203,090308
090204,090201
090204,090205
090204,090207
090204,090306
090204,090309
090204,090506
090205,050405
090205,090204
090205,090305
090205,090306
090205,090309
090205,090505
090205,090506
090205,090508
090206,090103
090206,090117
090206,090202
090206,090203
090206,090208
090207,090201
090207,090204
090207,090306
090208,090201
090208,090202
090208,090203
090208,090206
090208,090502
090208,090504
090301,050114
090301,090106
090301,090302
090301,090304
090301,090306
090301,090307
090301,090308
090301,090311
090301,090312
090301,090607
090302,090117
090302,090203
090302,090301
090302,090304
090302,090308
090303,090201
090303,090203
090303,090307
090303,090308
090304,090101
090304,090106
090304,090117
090304,090301
090304,090302
090305,050109
090305,050111
090305,050401
090305,050404
090305,050405
090305,090205
090305,090309
090306,090201
090306,090204
090306,090205
090306,090207
090306,090301
090306,090307
090306,090309
090306,090312
090307,090201
090307,090301
090307,090303
090307,090306
090307,090308
090307,090312
090308,090203
090308,090301
090308,090302
090308,090303
090308,090307
090309,050111
090309,090204
090309,090205
090309,090305
090309,090306
090309,090310
090309,090312
090310,050111
090310,090309
090310,090311
090310,090312
090311,050109
090311,050111
090311,050114
090311,090301
090311,090310
090311,090312
090312,090301
090312,090306
090312,090307
090312,090309
090312,090310
090312,090311
090401,090101
090401,090118
090401,090402
090401,090403
090401,090406
090401,090407
090401,090409
090401,090411
090401,090413
090401,090607
090401,090610
090402,090401
090402,090403
090402,090404
090402,090407
090402,090410
090402,090412
090403,090118
090403,090401
090403,090402
090403,090405
090403,090412
090404,090402
090404,090407
090404,090409
090404,090410
090404,110202
090404,110205
090404,110502
090405,090102
090405,090118
090405,090403
090405,090412
090405,110209
090405,151019
090405,151020
090405,151032
090406,090401
090406,090409
090406,090413
090407,090401
090407,090402
090407,090404
090407,090409
090407,090410
090408,090410
090408,090412
090408,110208
090408,110209
090409,090401
090409,090404
090409,090406
090409,090407
090409,090413
090409,110502
090410,090402
090410,090404
090410,090407
090410,090408
090410,090412
090410,110202
090410,110208
090411,090101
090411,090106
090411,090401
090411,090607
090412,090402
090412,090403
090412,090405
090412,090408
090412,090410
090412,110209
090413,090401
090413,090406
090413,090409
090413,090609
090413,090610
090413,110502
090501,050406
090501,090504
090501,090505
090501,090506
090501,090507
090501,090508
090501,090509
090502,090103
090502,090202
090502,090208
090502,090503
090502,090504
090502,090507
090502,090705
090503,050402
090503,090502
090503,090507
090503,090510
090503,090705
090504,090201
090504,090208
090504,090501
090504,090502
090504,090506
090504,090507
090505,050405
090505,050406
090505,090205
090505,090501
090505,090508
090506,090201
090506,090204
090506,090205
090506,090501
090506,090504
090506,090508
090507,090501
090507,090502
090507,090503
090507,090504
090507,090509
090507,090510
090508,090205
090508,090501
090508,090505
090508,090506
090509,050402
090509,050406
090509,090501
090509,090507
090509,090510
090510,050402
090510,090503
090510,090507
090510,090509
090601,090602
090601,090604
090601,090609
090601,090610
090601,090613
090601,090616
090601,110109
090601,110502
090602,090601
090602,090611
090602,090613
090602,090615
090602,090616
090603,090605
090603,090606
090603,090612
090603,110114
090603,110405
090604,090601
090604,090609
090604,090610
090605,090603
090605,090606
090605,090608
090605,090612
090605,090613
090606,050607
090606,090603
090606,090605
090606,090608
090606,090614
090606,110405
090607,050114
090607,050205
090607,050301
090607,050304
090607,051012
090607,090106
090607,090301
090607,090401
090607,090411
090607,090608
090607,090610
090607,090613
090607,090615
090607,090616
090608,050301
090608,090605
090608,090606
090608,090607
090608,090613
090608,090614
090609,090413
090609,090601
090609,090604
090609,090610
090609,110502
090610,090401
090610,090413
090610,090601
090610,090604
090610,090607
090610,090609
090610,090616
090611,090602
090611,090613
090611,090615
090612,090603
090612,090605
090612,090613
090612,110114
090613,090601
090613,090602
090613,090605
090613,090607
090613,090608
090613,090611
090613,090612
090613,090615
090613,110109
090613,110114
090614,050301
090614,050607
090614,050610
090614,090606
090614,090608
090615,090602
090615,090607
090615,090611
090615,090613
090615,090616
090616,090601
090616,090602
090616,090607
090616,090610
090616,090615
090701,090103
090701,090704
090701,090705
090701,090706
090701,090709
090702,090105
090702,090108
090702,090115
090702,090119
090702,090703
090702,090704
090702,090710
090702,090711
090703,090702
090703,090704
090703,090709
090703,090711
090704,090103
090704,090111
090704,090119
090704,090701
090704,090702
090704,090703
090704,090709
090705,050402
090705,090103
090705,090502
090705,090503
090705,090701
090705,090706
090705,090717
090705,090718
090706,090701
090706,090705
090706,090709
090706,090713
090706,090714
090706,090717
090707,090717
090707,090718
090707,120124
090707,120135
090707,120606
090709,090701
090709,090703
090709,090704
090709,090706
090709,090711
090709,090714
090709,090716
090709,120126
090710,090112
090710,090115
090710,090702
090710,090711
090710,120112
090710,120113
090711,090702
090711,090703
090711,090709
090711,090710
090711,120113
090711,120126
090713,090706
090713,090714
090713,090717
090714,090706
090714,090709
090714,090713
090714,090715
090714,090716
090714,090717
090715,090714
090715,090716
090715,090717
090715,120124
090716,090709
090716,090714
090716,090715
090716,120101
090716,120124
090716,120126
090716,120133
090717,090705
090717,090706
090717,090707
090717,090713
090717,090714
090717,090715
090717,090718
090717,120124
090718,050402
090718,090705
090718,090707
090718,090717
090718,120606
100101,100102
100101,100106
100101,100107
100101,100109
100101,100111
100102,100101
100102,100109
100102,100111
100102,100204
100102,100803
100102,100804
100103,100104
100103,100311
100103,100602
100103,100606
100103,100802
100103,100804
100104,100103
100104,100109
100104,100311
100104,100804
100104,101104
100105,100106
100105,100108
100105,100110
100105,100203
100105,101001
100105,101003
100105,101006
100105,101007
100105,101105
100105,101108
100106,100101
100106,100105
100106,100107
100106,100108
100106,100109
100106,100110
100106,101105
100107,100101
100107,100106
100107,100108
100107,100111
100108,100105
100108,100106
100108,100107
100108,100110
100108,100111
100108,100202
100108,100203
100108,100205
100109,100101
100109,100102
100109,100104
100109,100106
100109,100804
100109,101101
100109,101104
100109,101105
100110,100105
100110,100106
100110,100108
100111,100101
100111,100102
100111,100107
100111,100108
100111,100204
100111,100205
100201,100204
100201,100205
100201,100207
100201,100208
100201,100801
100201,100803
100202,100108
100202,100203
100202,100205
100202,100206
100202,190204
100203,100105
100203,100108
100203,100202
100203,101007
100203,190204
100204,100102
100204,100111
100204,100201
100204,100205
100204,100208
100204,100803
100205,100108
100205,100111
100205,100201
100205,100202
100205,100204
100205,100206
100205,100207
100206,100202
100206,100205
100206,100207
100206,190106
100206,190202
100206,190204
100206,190206
100207,100201
100207,100205
100207,100206
100207,100801
100207,190103
100207,190106
100207,190110
100208,100201
100208,100204
100208,100803
100301,020508
100301,100317
100301,100322
100301,101005
100301,101106
100307,100311
100307,100313
100307,100323
100307,101104
100307,101107
100311,100103
100311,100104
100311,100307
100311,100313
100311,100316
100311,100504
100311,100507
100311,100606
100311,101104
100313,020508
100313,100307
100313,100311
100313,100316
100313,100317
100313,100321
100313,100322
100313,100323
100313,100501
100316,100311
100316,100313
100316,100501
100316,100504
100317,020508
100317,100301
100317,100313
100317,100321
100317,100322
100321,100313
100321,100317
100321,100322
100322,100301
100322,100313
100322,100317
100322,100321
100322,100323
100322,101106
100322,101107
100323,100307
100323,100313
100323,100322
100323,101107
100401,020301
100401,020303
100401,021010
100401,100403
100401,100404
100401,100702
100402,020702
100402,021303
100402,021304
100402,100404
100402,100702
100402,100703
100403,021006
100403,021010
100403,100401
100403,100502
100403,100505
100403,100507
100403,100604
100403,100702
100404,020301
100404,020303
100404,020702
100404,100401
100404,100402
100404,100702
100501,020508
100501,021014
100501,021015
100501,100313
100501,100316
100501,100504
100501,100509
100502,021006
100502,021013
100502,100403
100502,100505
100503,021013
100503,100504
100503,100506
100503,100508
100503,100510
100503,100511
100504,100311
100504,100316
100504,100501
100504,100503
100504,100506
100504,100507
100504,100509
100504,100511
100505,021013
100505,100403
100505,100502
100505,100507
100505,100511
100506,021005
100506,021011
100506,021015
100506,100503
100506,100504
100506,100508
100506,100509
100506,100510
100507,100311
100507,100403
100507,100504
100507,100505
100507,100511
100507,100601
100507,100604
100507,100606
100508,100503
100508,100506
100508,100510
100509,021015
100509,100501
100509,100504
100509,100506
100510,021002
100510,021005
100510,021006
100510,021013
100510,100503
100510,100506
100510,100508
100511,021013
100511,100503
100511,100504
100511,100505
100511,100507
100601,100507
100601,100604
100601,100605
100601,100606
100602,100103
100602,100603
100602,100605
100602,100606
100602,100802
100602,100902
100602,250301
100603,100602
100603,100604
100603,100605
100603,250301
100604,100403
100604,100507
100604,100601
100604,100603
100604,100605
100604,100702
100604,160601
100604,220202
100604,221002
100604,250301
100605,100601
100605,100602
100605,100603
100605,100604
100605,100606
100606,100103
100606,100311
100606,100507
100606,100601
100606,100602
100606,100605
100701,021304
100701,021603
100701,021604
100701,100702
100701,100703
100701,130801
100701,130804
100701,221004
100702,100401
100702,100402
100702,100403
100702,100404
100702,100604
100702,100701
100702,100703
100702,221002
100702,221004
100702,221005
100703,021304
100703,100402
100703,100701
100703,100702
100801,100201
100801,100207
100801,100802
100801,100803
100801,100804
100801,190110
100801,190305
100802,100103
100802,100602
100802,100801
100802,100804
100802,100902
100802,190305
100803,100102
100803,100201
100803,100204
100803,100208
100803,100801
100803,100804
100804,100102
100804,100103
100804,100104
100804,100109
100804,100801
100804,100802
100804,100803
100901,100902
100901,100904
100901,100905
100901,250103
100901,250302
100902,100602
100902,100802
100902,100901
100902,100905
100902,190304
100902,190305
100902,190306
100902,250301
100902,250302
100903,100904
100903,250102
100903,250103
100903,250104
100903,250107
100904,100901
100904,100903
100904,250102
100904,250103
100904,250302
100905,100901
100905,100902
100905,190306
100905,250103
101001,020513
101001,100105
101001,101002
101001,101003
101001,101004
101001,101007
101001,150301
101001,150302
101002,020508
101002,101001
101002,101003
101002,101004
101002,101005
101003,100105
101003,101001
101003,101002
101003,101005
101003,101006
101004,020508
101004,020509
101004,020513
101004,101001
101004,101002
101005,020508
101005,100301
101005,101002
101005,101003
101005,101006
101005,101102
101005,101103
101005,101106
101005,101108
101006,100105
101006,101003
101006,101005
101006,101108
101007,100105
101007,100203
101007,101001
101007,150301
101007,150901
101007,190201
101007,190204
101007,190205
101007,190207
101101,100109
101101,101102
101101,101104
101101,101105
101101,101106
101101,101108
101102,101005
101102,101101
101102,101103
101102,101106
101102,101108
101103,101005
101103,101102
101103,101108
101104,100104
101104,100109
101104,100307
101104,100311
101104,101101
101104,101106
101104,101107
101105,100105
101105,100106
101105,100109
101105,101101
101105,101108
101106,100301
101106,100322
101106,101005
101106,101101
101106,101102
101106,101104
101106,101107
101107,100307
101107,100322
101107,100323
101107,101104
101107,101106
101108,100105
101108,101005
101108,101006
101108,101101
101108,101102
101108,101103
101108,101105
110101,110102
110101,110103
110101,110104
110101,110106
110101,110107
110101,110110
110101,110111
110101,110112
110101,110505
110102,110101
110102,110103
110102,110106
110102,110109
110102,110110
110102,110114
110103,110101
110103,110102
110103,110106
110103,110107
110103,110114
110104,110101
110104,110111
110105,110107
110105,110111
110105,110113
110105,110114
110106,110101
110106,110102
110106,110103
110107,110101
110107,110103
110107,110105
110107,110111
110107,110113
110107,110114
110108,110109
110108,110110
110108,110112
110108,110503
110108,110505
110108,110506
110109,090601
110109,090613
110109,110102
110109,110108
110109,110110
110109,110114
110109,110502
110109,110503
110110,110101
110110,110102
110110,110108
110110,110109
110110,110112
110111,110101
110111,110104
110111,110105
110111,110107
110111,110113
110111,110114
110111,110302
110111,110404
110111,110405
110112,110101
110112,110108
110112,110110
110112,110505
110113,110105
110113,110107
110113,110111
110114,090603
110114,090612
110114,090613
110114,110102
110114,110103
110114,110105
110114,110107
110114,110109
110114,110111
110114,110405
110201,110202
110201,110203
110201,110204
110201,110206
110201,110207
110201,110208
110201,110210
110202,090404
110202,090410
110202,110201
110202,110204
110202,110205
110202,110208
110203,110201
110203,110207
110203,110208
110203,110209
110203,150501
110203,150508
110203,150511
110203,151005
110203,151009
110204,110201
110204,110202
110204,110205
110204,110210
110204,110211
110205,090404
110205,110202
110205,110204
110205,110502
110205,110503
110205,110504
110205,110507
110206,110201
110206,110207
110206,110210
110206,110211
110206,150501
110207,110201
110207,110203
110207,110206
110207,150501
110207,150508
110208,090408
110208,090410
110208,110201
110208,110202
110208,110203
110208,110209
110209,090405
110209,090408
110209,090412
110209,110203
110209,110208
110209,151005
110209,151020
110210,110201
110210,110204
110210,110206
110210,110211
110211,110204
110211,110206
110211,110210
110301,050609
110301,110302
110301,110303
110301,110304
110301,110305
110302,110111
110302,110301
110302,110303
110302,110304
110302,110402
110302,110404
110303,050609
110303,050612
110303,050613
110303,110301
110303,110302
110303,110402
110304,040305
110304,040311
110304,050621
110304,110301
110304,110302
110304,110305
110305,050609
110305,050621
110305,110301
110305,110304
110401,050608
110401,050610
110401,050612
110401,110402
110401,110403
110402,050612
110402,110302
110402,110303
110402,110401
110402,110403
110402,110404
110403,050607
110403,050610
110403,110401
110403,110402
110403,110404
110403,110405
110404,110111
110404,110302
110404,110402
110404,110403
110404,110405
110405,050607
110405,090603
110405,090606
110405,110111
110405,110114
110405,110403
110405,110404
110501,110506
110501,110507
110501,110508
110502,090404
110502,090409
110502,090413
110502,090601
110502,090609
110502,110109
110502,110205
110502,110503
110503,110108
110503,110109
110503,110205
110503,110502
110503,110504
110503,110506
110503,110507
110503,110508
110504,110205
110504,110503
110504,110507
110505,110101
110505,110108
110505,110112
110505,110506
110506,110108
110506,110501
110506,110503
110506,110505
110506,110508
110507,110205
110507,110501
110507,110503
110507,110504
110507,110508
110508,110501
110508,110503
110508,110506
110508,110507
120101,090716
120101,120107
120101,120114
120101,120124
120101,120133
120101,120905
120104,090107
120104,120105
120104,120112
120105,090107
120105,090116
120105,120104
120105,120106
120105,120108
120105,120112
120105,120120
120106,120105
120106,120108
120106,120112
120106,120120
120106,120903
120106,120909
120107,120101
120107,120119
120107,120133
120107,120905
120107,120908
120108,090102
120108,090116
120108,120105
120108,120106
120108,120120
120108,120909
120108,151016
120108,151018
120108,151031
120111,120112
120111,120113
120111,120116
120111,120121
120111,120136
120111,120903
120111,120908
120112,090107
120112,090112
120112,090115
120112,090710
120112,120104
120112,120105
120112,120106
120112,120111
120112,120113
120112,120903
120113,090710
120113,090711
120113,120111
120113,120112
120113,120116
120113,120126
120113,120133
120114,120101
120114,120117
120114,120124
120114,120125
120114,120128
120114,120129
120114,120132
120114,120206
120114,120905
120116,120111
120116,120113
120116,120126
120116,120133
120116,120136
120117,120114
120117,120129
120117,120132
120117,120134
120119,120107
120119,120121
120119,120133
120119,120908
120120,120105
120120,120106
120120,120108
120121,120111
120121,120119
120121,120133
120121,120136
120121,120908
120122,120127
120122,120128
120122,120130
120122,120206
120124,090707
120124,090715
120124,090716
120124,090717
120124,120101
120124,120114
120124,120135
120124,120203
120124,120206
120125,120114
120125,120129
120125,120134
120125,120901
120125,120905
120126,090709
120126,090711
120126,090716
120126,120113
120126,120116
120126,120133
120127,120122
120127,120130
120127,120201
120127,120206
120127,120207
120127,120215
120128,120114
120128,120122
120128,120130
120128,120132
120128,120206
120129,120114
120129,120117
120129,120125
120129,120134
120130,120122
120130,120127
120130,120128
120130,120132
120130,120201
120130,120211
120130,120213
120132,120114
120132,120117
120132,120128
120132,120130
120132,120134
120132,120213
120133,090716
120133,120101
120133,120107
120133,120113
120133,120116
120133,120119
120133,120121
120133,120126
120133,120136
120134,120117
120134,120125
120134,120129
120134,120132
120134,120208
120134,120213
120134,120901
120134,120904
120135,090707
120135,120124
120135,120203
120135,120606
120136,120111
120136,120116
120136,120121
120136,120133
120136,120908
120201,120127
120201,120130
120201,120210
120201,120211
120201,120212
120201,120213
120201,120215
120202,120204
120202,120208
120202,120211
120202,120213
120202,120431
120203,120124
120203,120135
120203,120206
120203,120603
120203,120605
120203,120606
120204,120202
120204,120208
120204,120214
120204,120431
120204,120902
120204,120904
120204,120907
120205,120206
120205,120209
120205,120419
120206,120114
120206,120122
120206,120124
120206,120127
120206,120128
120206,120203
120206,120205
120206,120207
120206,120209
120206,120403
120206,120419
120206,120605
120207,120127
120207,120206
120207,120215
120207,120403
120208,120134
120208,120202
120208,120204
120208,120213
120208,120904
120209,120205
120209,120206
120209,120419
120210,120201
120210,120211
120210,120212
120210,120215
120210,120403
120210,120413
120210,120428
120210,120431
120211,120130
120211,120201
120211,120202
120211,120210
120211,120213
120211,120431
120212,120201
120212,120210
120212,120215
120213,120130
120213,120132
120213,120134
120213,120201
120213,120202
120213,120208
120213,120211
120213,120904
120214,120204
120214,120405
120214,120431
120214,120907
120214,120909
120214,151030
120215,120127
120215,120201
120215,120207
120215,120210
120215,120212
120215,120403
120301,120302
120301,120304
120301,120305
120301,120306
120301,120704
120301,190301
120301,190307
120302,120301
120302,120303
120302,120304
120302,120306
120302,190306
120302,190307
120303,120302
120303,120306
120303,120601
120303,120605
120303,120607
120303,120608
120303,190306
120304,120301
120304,120302
120304,190307
120305,120301
120305,120306
120305,120419
120305,120704
120305,120706
120306,120301
120306,120302
120306,120303
120306,120305
120306,120419
120306,120605
120306,120706
120401,120402
120401,120404
120401,120410
120401,120424
120401,120430
120401,120434
120402,120401
120402,120415
120402,120422
120402,120424
120402,120426
120402,120427
120402,120432
120402,120433
120402,120434
120402,120703
120403,120206
120403,120207
120403,120210
120403,120215
120403,120417
120403,120418
120403,120419
120403,120428
120404,120401
120404,120408
120404,120409
120404,120410
120404,120416
120404,120420
120404,120421
120404,120430
120405,120214
120405,120406
120405,120414
120405,120431
120405,120801
120405,120802
120405,120809
120405,150721
120405,151014
120405,151028
120405,151030
120406,120405
120406,120411
120406,120414
120406,120426
120406,120801
120406,120802
120407,120408
120407,120413
120407,120417
120407,120420
120407,120428
120408,120404
120408,120407
120408,120412
120408,120416
120408,120417
120408,120420
120408,120421
120409,120404
120409,120421
120409,120423
120409,120430
120409,120434
120410,120401
120410,120404
120410,120412
120410,120416
120410,120418
120410,120424
120410,120433
120411,120406
120411,120414
120411,120415
120411,120425
120411,120426
120411,120432
120412,120408
120412,120410
120412,120416
120412,120417
120412,120418
120413,120210
120413,120407
120413,120420
120413,120421
120413,120423
120413,120428
120413,120431
120414,120405
120414,120406
120414,120411
120414,120415
120414,120423
120414,120425
120414,120431
120415,120402
120415,120411
120415,120414
120415,120425
120415,120432
120415,120434
120416,120404
120416,120408
120416,120410
120416,120412
120416,120417
120417,120403
120417,120407
120417,120408
120417,120412
120417,120416
120417,120418
120417,120428
120418,120403
120418,120410
120418,120412
120418,120417
120418,120419
120418,120427
120418,120433
120419,120205
120419,120206
120419,120209
120419,120305
120419,120306
120419,120403
120419,120418
120419,120427
120419,120605
120419,120706
120419,120709
120420,120404
120420,120407
120420,120408
120420,120413
120420,120421
120421,120404
120421,120408
120421,120409
120421,120413
120421,120420
120421,120423
120422,120402
120422,120424
120422,120429
120422,120433
120423,120409
120423,120413
120423,120414
120423,120421
120423,120425
120423,120431
120423,120434
120424,120401
120424,120402
120424,120410
120424,120422
120424,120429
120424,120433
120425,120411
120425,120414
120425,120415
120425,120423
120425,120434
120426,120402
120426,120406
120426,120411
120426,120432
120426,120701
120426,120703
120426,120801
120427,120402
120427,120418
120427,120419
120427,120433
120427,120703
120427,120709
120428,120210
120428,120403
120428,120407
120428,120413
120428,120417
120428,120431
120429,120422
120429,120424
120429,120433
120430,120401
120430,120404
120430,120409
120430,120434
120431,120202
120431,120204
120431,120210
120431,120211
120431,120214
120431,120405
120431,120413
120431,120414
120431,120423
120431,120428
120432,120402
120432,120411
120432,120415
120432,120426
120433,120402
120433,120410
120433,120418
120433,120422
120433,120424
120433,120427
120433,120429
120434,120401
120434,120402
120434,120409
120434,120415
120434,120423
120434,120425
120434,120430
120501,120502
120501,120503
120501,120504
120501,120705
120501,120708
120501,120804
120501,120805
120501,120806
120501,120807
120502,120501
120502,120504
120502,190105
120502,190107
120503,120501
120503,120807
120503,190104
120503,190112
120504,120501
120504,120502
120504,120704
120504,120708
120504,190107
120504,190301
120504,190302
120601,120303
120601,120602
120601,120604
120601,120605
120601,120607
120601,120608
120602,120601
120602,120603
120602,120604
120602,120605
120603,120203
120603,120602
120603,120604
120603,120605
120603,120606
120604,120601
120604,120602
120604,120603
120604,120606
120604,120608
120605,120203
120605,120206
120605,120303
120605,120306
120605,120419
120605,120601
120605,120602
120605,120603
120606,050402
120606,050408
120606,080910
120606,090707
120606,090718
120606,120135
120606,120203
120606,120603
120606,120604
120606,120608
120607,120303
120607,120601
120607,120608
120608,050408
120608,080902
120608,080907
120608,080910
120608,120303
120608,120601
120608,120604
120608,120606
120608,120607
120608,190306
120608,250201
120608,250202
120701,120426
120701,120702
120701,120703
120701,120705
120701,120709
120701,120801
120701,120806
120702,120701
120702,120704
120702,120705
120702,120706
120702,120707
120702,120709
120703,120402
120703,120426
120703,120427
120703,120701
120703,120709
120704,120301
120704,120305
120704,120504
120704,120702
120704,120706
120704,120707
120704,120708
120704,190301
120705,120501
120705,120701
120705,120702
120705,120707
120705,120708
120705,120806
120706,120305
120706,120306
120706,120419
120706,120702
120706,120704
120706,120709
120707,120702
120707,120704
120707,120705
120707,120708
120708,120501
120708,120504
120708,120704
120708,120705
120708,120707
120709,120419
120709,120427
120709,120701
120709,120702
120709,120703
120709,120706
120801,120405
120801,120406
120801,120426
120801,120701
120801,120802
120801,120803
120801,120806
120801,120808
120801,120810
120802,120405
120802,120406
120802,120801
120802,120803
120802,120809
120803,120801
120803,120802
120803,120809
120803,120810
120804,120501
120804,120805
120804,120806
120804,120807
120804,150404
120804,150602
120804,150704
120804,150705
120804,150708
120805,120501
120805,120804
120805,120806
120805,120808
120805,120810
120805,150705
120806,120501
120806,120701
120806,120705
120806,120801
120806,120804
120806,120805
120806,120808
120807,120501
120807,120503
120807,120804
120807,150602
120807,150610
120807,190104
120808,120801
120808,120805
120808,120806
120808,120810
120809,120405
120809,120802
120809,120803
120809,120810
120809,150721
120809,150722
120810,120801
120810,120803
120810,120805
120810,120808
120810,120809
120810,150705
120810,150722
120901,120125
120901,120134
120901,120902
120901,120904
120901,120905
120901,120906
120901,120908
120902,120204
120902,120901
120902,120904
120902,120906
120902,120907
120902,120909
120903,120106
120903,120111
120903,120112
120903,120906
120903,120908
120903,120909
120904,120134
120904,120204
120904,120208
120904,120213
120904,120901
120904,120902
120905,120101
120905,120107
120905,120114
120905,120125
120905,120901
120905,120906
120905,120908
120906,120901
120906,120902
120906,120903
120906,120905
120906,120908
120906,120909
120907,120204
120907,120214
120907,120902
120907,120909
120908,120107
120908,120111
120908,120119
120908,120121
120908,120136
120908,120901
120908,120903
120908,120905
120908,120906
120909,120106
120909,120108
120909,120214
120909,120902
120909,120903
120909,120906
120909,120907
120909,151002
120909,151018
120909,151030
130101,130102
130101,130103
130101,130104
130101,130105
130101,130106
130101,130107
130101,130111
130102,130101
130102,130103
130102,130104
130102,130105
130102,130106
130103,130101
130103,130102
130103,130105
130104,130101
130104,130102
130104,130105
130104,130106
130104,130110
130104,130111
130104,130202
130104,130207
130105,130101
130105,130102
130105,130103
130105,130104
130106,130101
130106,130102
130106,130104
130106,130107
130106,130108
130106,130109
130106,130110
130106,130503
130106,130611
130106,131201
130107,130101
130107,130106
130107,130109
130107,130111
130108,130106
130108,130110
130108,130601
130108,130606
130108,130611
130109,130106
130109,130107
130109,131201
130110,130104
130110,130106
130110,130108
130110,130202
130110,130606
130110,130610
130110,130613
130111,130101
130111,130104
130111,130107
130201,060505
130201,130202
130201,130208
130202,060505
130202,130104
130202,130110
130202,130201
130202,130203
130202,130204
130202,130207
130202,130208
130202,130613
130202,131101
130202,131103
130203,130202
130203,130204
130203,130205
130203,130208
130204,130202
130204,130203
130204,130205
130204,130206
130204,130207
130205,130203
130205,130204
130205,130206
130205,130208
130206,130204
130206,130205
130206,130208
130206,130701
130207,130104
130207,130202
130207,130204
130208,060503
130208,060505
130208,130201
130208,130202
130208,130203
130208,130205
130208,130206
130208,130701
130301,060204
130301,061007
130301,130302
130301,130305
130301,130306
130301,220603
130302,060204
130302,130301
130302,130303
130302,130908
130302,220603
130303,130302
130303,130809
130303,130908
130303,220603
130304,010106
130304,060308
130304,061007
130304,130305
130304,130306
130305,010106
130305,010110
130305,130301
130305,130304
130305,130306
130305,220603
130306,061007
130306,130301
130306,130304
130306,130305
130401,060508
130401,061110
130401,130402
130401,130403
130401,130702
130401,130705
130402,061108
130402,061110
130402,130401
130402,130403
130402,140107
130402,140109
130402,140115
130402,140116
130403,130401
130403,130402
130403,130702
130403,140107
130501,130502
130501,130503
130501,130504
130501,130602
130501,130608
130501,131006
130502,130501
130502,130504
130502,131006
130503,130106
130503,130501
130503,130504
130503,130608
130503,130611
130503,131201
130504,130501
130504,130502
130504,130503
130504,131001
130504,131006
130504,131201
130504,131202
130601,130108
130601,130602
130601,130604
130601,130605
130601,130606
130601,130611
130601,130613
130601,130614
130601,131102
130601,131103
130602,130501
130602,130601
130602,130608
130602,130611
130602,130614
130602,131006
130604,130601
130604,130605
130604,130614
130605,060202
130605,130601
130605,130604
130605,130614
130605,131102
130605,131104
130606,130108
130606,130110
130606,130601
130606,130610
130606,130613
130608,130501
130608,130503
130608,130602
130608,130611
130610,130110
130610,130606
130610,130613
130611,130106
130611,130108
130611,130503
130611,130601
130611,130602
130611,130608
130613,130110
130613,130202
130613,130601
130613,130606
130613,130610
130613,131103
130614,060202
130614,130601
130614,130602
130614,130604
130614,130605
130614,130906
130614,131006
130701,060503
130701,060508
130701,130206
130701,130208
130701,130704
130701,130705
130702,060508
130702,130401
130702,130403
130702,130703
130702,130705
130703,130702
130703,130704
130703,130705
130704,130701
130704,130703
130704,130705
130705,060508
130705,130401
130705,130701
130705,130702
130705,130703
130705,130704
130801,100701
130801,130802
130801,130804
130801,130805
130801,130807
130801,130812
130801,130813
130801,221004
130802,130801
130802,130803
130802,130805
130802,130807
130802,130808
130802,130812
130802,220603
130803,021503
130803,021509
130803,021902
130803,130802
130803,130806
130803,130808
130803,130812
130804,021603
130804,021903
130804,100701
130804,130801
130804,130811
130804,130813
130804,221004
130805,130801
130805,130802
130805,130807
130806,021509
130806,130803
130806,130808
130806,130902
130806,131008
130807,130801
130807,130802
130807,130805
130807,220603
130807,221003
130807,221004
130808,130802
130808,130803
130808,130806
130808,130810
130808,130902
130808,130903
130808,220603
130809,130303
130809,130810
130809,130903
130809,130908
130809,220603
130810,130808
130810,130809
130810,130903
130810,220603
130811,021903
130811,021907
130811,130804
130811,130813
130812,021902
130812,021907
130812,130801
130812,130802
130812,130803
130812,130813
130813,021907
130813,130801
130813,130804
130813,130811
130813,130812
130901,130902
130901,130904
130901,130905
130901,130906
130901,130907
130901,131003
130901,131006
130902,130806
130902,130808
130902,130901
130902,130903
130902,130904
130902,130905
130902,130907
130902,130908
130902,131008
130903,130808
130903,130809
130903,130810
130903,130902
130903,130908
130904,130901
130904,130902
130904,130907
130905,060201
130905,060204
130905,130901
130905,130902
130905,130906
130905,130908
130906,060201
130906,060202
130906,130614
130906,130901
130906,130905
130906,131006
130907,130901
130907,130902
130907,130904
130907,131003
130907,131008
130908,060204
130908,130302
130908,130303
130908,130809
130908,130902
130908,130903
130908,130905
131001,021502
131001,021510
131001,021511
131001,021801
131001,021804
131001,130504
131001,131003
131001,131006
131001,131007
131001,131202
131002,021508
131002,131003
131002,131004
131002,131005
131002,131007
131003,130901
131003,130907
131003,131001
131003,131002
131003,131004
131003,131006
131003,131007
131003,131008
131004,131002
131004,131003
131004,131005
131004,131008
131005,021506
131005,021508
131005,021509
131005,131002
131005,131004
131005,131008
131006,130501
131006,130502
131006,130504
131006,130602
131006,130614
131006,130901
131006,130906
131006,131001
131006,131003
131007,021502
131007,021508
131007,131001
131007,131002
131007,131003
131008,021509
131008,130806
131008,130902
131008,130907
131008,131003
131008,131004
131008,131005
131101,060104
131101,060501
131101,060505
131101,130202
131101,131102
131101,131103
131102,060104
131102,130601
131102,130605
131102,131101
131102,131103
131102,131104
131103,130202
131103,130601
131103,130613
131103,131101
131103,131102
131104,060104
131104,060202
131104,130605
131104,131102
131201,130106
131201,130109
131201,130503
131201,130504
131201,131202
131202,021510
131202,021801
131202,021804
131202,130504
131202,131001
131202,131201
131202,131203
131203,021801
131203,021808
131203,131202
140101,140105
140101,140106
140101,140108
140101,140112
140101,140118
140102,060411
140102,060412
140102,060418
140102,140110
140102,140117
140102,140119
140102,140204
140102,140205
140103,140104
140103,140107
140103,140108
140103,140113
140103,140114
140103,140115
140104,140103
140105,140101
140105,140111
140105,140112
140105,140118
140105,140301
140106,140101
140106,140108
140106,140112
140106,140114
140107,130402
140107,130403
140107,140103
140107,140113
140107,140115
140108,140101
140108,140103
140108,140106
140108,140113
140108,140114
140108,140118
140109,061108
140109,130402
140109,140110
140109,140116
140110,060411
140110,061106
140110,061108
140110,061109
140110,061303
140110,140102
140110,140109
140110,140116
140110,140119
140111,140105
140111,140118
140111,140120
140111,140201
140111,140204
140111,140301
140112,140101
140112,140105
140112,140106
140112,140114
140112,140301
140112,140311
140113,140103
140113,140107
140113,140108
140113,140115
140113,140118
140114,140103
140114,140106
140114,140108
140114,140112
140115,130402
140115,140103
140115,140107
140115,140113
140115,140116
140115,140118
140115,140119
140115,140120
140116,130402
140116,140109
140116,140110
140116,140115
140116,140119
140117,140102
140117,140119
140117,140120
140117,140204
140118,140101
140118,140105
140118,140108
140118,140111
140118,140113
140118,140115
140118,140120
140119,140102
140119,140110
140119,140115
140119,140116
140119,140117
140119,140120
140120,140111
140120,140115
140120,140117
140120,140118
140120,140119
140120,140204
140201,140111
140201,140204
140201,140205
140201,140206
140201,140301
140201,140305
140202,060607
140202,060807
140202,060808
140202,140203
140202,140310
140203,060412
140203,060607
140203,140202
140203,140205
140203,140304
140203,140310
140204,140102
140204,140111
140204,140117
140204,140120
140204,140201
140204,140205
140205,060412
140205,060418
140205,140102
140205,140201
140205,140203
140205,140204
140205,140303
140205,140304
140205,140305
140205,140309
140205,140312
140206,140201
140206,140301
140206,140305
140301,140105
140301,140111
140301,140112
140301,140201
140301,140206
140301,140305
140301,140306
140301,140311
140302,140307
140302,140310
140303,140205
140303,140306
140303,140309
140303,140312
140304,140203
140304,140205
140304,140307
140304,140308
140304,140309
140304,140310
140305,140201
140305,140205
140305,140206
140305,140301
140305,140306
140305,140312
140306,140301
140306,140303
140306,140305
140306,140308
140306,140309
140306,140312
140306,200801
140307,140302
140307,140304
140307,140308
140307,140310
140308,140304
140308,140306
140308,140307
140308,140309
140308,140310
140308,200105
140308,200304
140308,200404
140308,200406
140308,200801
140309,140205
140309,140303
140309,140304
140309,140306
140309,140308
140309,140312
140310,060807
140310,140202
140310,140203
140310,140302
140310,140304
140310,140307
140310,140308
140310,200304
140311,140112
140311,140301
140312,140205
140312,140303
140312,140305
140312,140306
140312,140309
150101,070101
150101,070102
150101,070103
150101,150105
150101,150111
150101,150113
150101,150115
150101,150116
150101,150121
150101,150128
150101,150132
150101,150134
150101,150135
150101,150136
150102,070106
150102,150106
150102,150125
150102,150139
150102,150403
150102,150604
150103,150107
150103,150109
150103,150111
150103,150114
150103,150118
150103,150123
150103,150130
150103,150134
150103,150140
150104,150108
150104,150122
150104,150140
150105,150101
150105,150113
150105,150121
150106,150102
150106,150110
150106,150125
150106,150132
150106,150403
150106,150407
150106,150716
150107,150103
150107,150109
150107,150118
150107,150702
150108,150104
150108,150133
150108,150140
150108,150142
150109,150103
150109,150107
150109,150114
150109,150123
150109,150702
150110,150106
150110,150112
150110,150117
150110,150125
150110,150132
150111,150101
150111,150103
150111,150118
150111,150132
150111,150134
150112,150110
150112,150117
150112,150128
150112,150132
150112,150135
150113,150101
150113,150105
150113,150116
150113,150120
150113,150121
150113,150131
150114,150103
150114,150109
150114,150123
150114,150133
150114,150140
150114,150143
150115,150101
150115,150116
150115,150130
150115,150131
150115,150134
150116,150101
150116,150113
150116,150115
150116,150131
150117,150110
150117,150112
150117,150125
150117,150135
150118,150103
150118,150107
150118,150111
150118,150132
150118,150702
150118,150714
150118,150716
150118,150728
150119,150123
150119,150126
150119,150142
150119,150143
150119,150731
150120,150113
150120,150121
150120,150131
150120,150136
150121,150101
150121,150105
150121,150113
150121,150120
150121,150136
150122,150104
150122,150131
150122,150140
150122,150141
150123,150103
150123,150109
150123,150114
150123,150119
150123,150126
150123,150143
150123,150702
150123,150731
150124,150138
150124,150505
150125,070106
150125,150102
150125,150106
150125,150110
150125,150117
150125,150135
150126,150119
150126,150123
150126,150127
150126,150731
150127,150126
150127,150129
150127,150731
150128,150101
150128,150112
150128,150132
150128,150135
150129,150127
150129,150138
150129,150505
150129,150731
150130,150103
150130,150115
150130,150131
150130,150134
150130,150140
150130,150141
150131,150113
150131,150115
150131,150116
150131,150120
150131,150122
150131,150130
150131,150141
150132,150101
150132,150106
150132,150110
150132,150111
150132,150112
150132,150118
150132,150128
150132,150716
150133,150108
150133,150114
150133,150140
150133,150142
150133,150143
150134,150101
150134,150103
150134,150111
150134,150115
150134,150130
150135,070101
150135,070103
150135,070106
150135,150101
150135,150112
150135,150117
150135,150125
150135,150128
150136,070102
150136,070104
150136,150101
150136,150120
150136,150121
150138,150124
150138,150129
150138,150505
150139,070106
150139,150102
150140,150103
150140,150104
150140,150108
150140,150114
150140,150122
150140,150130
150140,150133
150140,150141
150141,150122
150141,150130
150141,150131
150141,150140
150142,150108
150142,150119
150142,150133
150142,150143
150143,150114
150143,150119
150143,150123
150143,150133
150143,150142
150201,021405
150201,150203
150201,150204
150201,150205
150202,020507
150202,021101
150202,021409
150202,150203
150203,021405
150203,021409
150203,150201
150203,150202
150204,021405
150204,150201
150204,150205
150204,150802
150204,150806
150204,150812
150205,150201
150205,150204
150301,101001
150301,101007
150301,150302
150301,150303
150301,150304
150301,150901
150302,020512
150302,020513
150302,021404
150302,101001
150302,150301
150302,150304
150303,150301
150303,150304
150303,150305
150303,150802
150303,150901
150303,150902
150303,150903
150304,020512
150304,021404
150304,150301
150304,150302
150304,150303
150304,150305
150305,021402
150305,021404
150305,150303
150305,150304
150305,150802
150401,150404
150401,150405
150401,150406
150401,150712
150402,150405
150402,150407
150402,150707
150402,150712
150402,150716
150403,150102
150403,150106
150403,150405
150403,150406
150403,150407
150403,150604
150403,150611
150404,120804
150404,150401
150404,150406
150404,150602
150404,150708
150404,150712
150405,150401
150405,150402
150405,150403
150405,150406
150405,150407
150405,150712
150406,150401
150406,150403
150406,150404
150406,150405
150406,150407
150406,150602
150406,150603
150406,150611
150407,150106
150407,150402
150407,150403
150407,150405
150407,150406
150407,150716
150501,110203
150501,110206
150501,110207
150501,150507
150501,150508
150501,150510
150501,150514
150502,150504
150502,150506
150502,150509
150502,150512
150503,150505
150503,150506
150503,150509
150503,150515
150503,150713
150503,150731
150503,151022
150503,151025
150504,150502
150504,150507
150504,150512
150504,150514
150505,150124
150505,150129
150505,150138
150505,150503
150505,150513
150505,150515
150505,150731
150506,150502
150506,150503
150506,150509
150506,150512
150506,151022
150506,151029
150507,150501
150507,150504
150507,150510
150507,150512
150507,150514
150508,110203
150508,110207
150508,150501
150508,150510
150508,150511
150508,151009
150509,150502
150509,150503
150509,150506
150509,150513
150509,150515
150510,150501
150510,150507
150510,150508
150510,150511
150510,150512
150510,151029
150511,110203
150511,150508
150511,150510
150511,150516
150511,151003
150511,151009
150511,151029
150512,150502
150512,150504
150512,150506
150512,150507
150512,150510
150512,151029
150513,150505
150513,150509
150513,150515
150514,150501
150514,150504
150514,150507
150515,150503
150515,150505
150515,150509
150515,150513
150516,150511
150516,151003
150516,151009
150601,150604
150601,150605
150601,150606
150601,150611
150601,150801
150601,150811
150602,120804
150602,120807
150602,150404
150602,150406
150602,150603
150602,150608
150602,150609
150602,150610
150602,150612
150603,150406
150603,150602
150603,150607
150603,150609
150603,150611
150604,150102
150604,150403
150604,150601
150604,150605
150604,150611
150605,150601
150605,150604
150605,150801
150606,150601
150606,150607
150606,150611
150606,150612
150606,150807
150606,150811
150607,150603
150607,150606
150607,150609
150607,150611
150607,150612
150608,150602
150608,150609
150608,150610
150608,150612
150608,150809
150608,190104
150609,150602
150609,150603
150609,150607
150609,150608
150609,150612
150610,120807
150610,150602
150610,150608
150610,190104
150611,150403
150611,150406
150611,150601
150611,150603
150611,150604
150611,150606
150611,150607
150612,150602
150612,150606
150612,150607
150612,150608
150612,150609
150612,150807
150612,150809
150701,150704
150701,150718
150701,150719
150701,150722
150701,150723
150701,150732
150702,150107
150702,150109
150702,150118
150702,150123
150702,150706
150702,150710
150702,150714
150702,150715
150702,150718
150702,150727
150702,150730
150702,150731
150703,150723
150703,150724
150703,150728
150704,120804
150704,150701
150704,150705
150704,150708
150704,150712
150704,150719
150704,150722
150705,120804
150705,120805
150705,120810
150705,150704
150705,150722
150706,150702
150706,150710
150706,150711
150706,150731
150707,150402
150707,150712
150707,150716
150707,150719
150707,150724
150708,120804
150708,150404
150708,150704
150708,150712
150709,150710
150709,150711
150709,150713
150709,150718
150709,150720
150709,150721
150709,150722
150709,150725
150709,150726
150709,150729
150710,150702
150710,150706
150710,150709
150710,150711
150710,150718
150711,150706
150711,150709
150711,150710
150711,150713
150711,150731
150712,150401
150712,150402
150712,150404
150712,150405
150712,150704
150712,150707
150712,150708
150712,150719
150713,150503
150713,150709
150713,150711
150713,150726
150713,150731
150713,151025
150714,150118
150714,150702
150714,150723
150714,150727
150714,150728
150715,150702
150715,150717
150715,150718
150715,150730
150715,150732
150716,150106
150716,150118
150716,150132
150716,150402
150716,150407
150716,150707
150716,150724
150716,150728
150717,150715
150717,150723
150717,150727
150717,150730
150717,150732
150718,150701
150718,150702
150718,150709
150718,150710
150718,150715
150718,150722
150718,150732
150719,150701
150719,150704
150719,150707
150719,150712
150719,150723
150719,150724
150720,150709
150720,150721
150720,150722
150720,150725
150720,150729
150721,120405
150721,120809
150721,150709
150721,150720
150721,150722
150721,150725
150721,150726
150721,151010
150721,151025
150721,151026
150721,151028
150722,120809
150722,120810
150722,150701
150722,150704
150722,150705
150722,150709
150722,150718
150722,150720
150722,150721
150723,150701
150723,150703
150723,150714
150723,150717
150723,150719
150723,150724
150723,150727
150723,150728
150723,150732
150724,150703
150724,150707
150724,150716
150724,150719
150724,150723
150724,150728
150725,150709
150725,150720
150725,150721
150725,150729
150726,150709
150726,150713
150726,150721
150726,151010
150726,151025
150727,150702
150727,150714
150727,150717
150727,150723
150727,150728
150727,150730
150728,150118
150728,150703
150728,150714
150728,150716
150728,150723
150728,150724
150728,150727
150729,150709
150729,150720
150729,150725
150730,150702
150730,150715
150730,150717
150730,150727
150731,150119
150731,150123
150731,150126
150731,150127
150731,150129
150731,150503
150731,150505
150731,150702
150731,150706
150731,150711
150731,150713
150732,150701
150732,150715
150732,150717
150732,150718
150732,150723
150801,150601
150801,150605
150801,150805
150801,150810
150801,150811
150802,021402
150802,021405
150802,150204
150802,150303
150802,150305
150802,150806
150802,150811
150802,150903
150802,150904
150802,150905
150803,150805
150803,150806
150804,150807
150804,150808
150804,150809
150804,150902
150804,150903
150804,150905
150804,150906
150805,150801
150805,150803
150805,150806
150805,150810
150806,150204
150806,150802
150806,150803
150806,150805
150806,150810
150806,150811
150806,150812
150807,150606
150807,150612
150807,150804
150807,150808
150807,150809
150807,150811
150807,150904
150808,150804
150808,150807
150808,150811
150808,150903
150808,150904
150808,150905
150809,150608
150809,150612
150809,150804
150809,150807
150809,150901
150809,150906
150809,190104
150810,150801
150810,150805
150810,150806
150810,150811
150811,150601
150811,150606
150811,150801
150811,150802
150811,150806
150811,150807
150811,150808
150811,150810
150811,150904
150812,150204
150812,150806
150901,101007
150901,150301
150901,150303
150901,150809
150901,150902
150901,150906
150901,190104
150901,190109
150901,190201
150902,150303
150902,150804
150902,150901
150902,150903
150902,150906
150903,150303
150903,150802
150903,150804
150903,150808
150903,150902
150903,150905
150904,150802
150904,150807
150904,150808
150904,150811
150904,150905
150905,150802
150905,150804
150905,150808
150905,150903
150905,150904
150906,150804
150906,150809
150906,150901
150906,150902
151001,151003
151001,151004
151001,151007
151001,151011
151001,151016
151001,151023
151002,120909
151002,151018
151002,151021
151002,151030
151002,151033
151003,150511
151003,150516
151003,151001
151003,151004
151003,151006
151003,151008
151003,151009
151003,151022
151003,151023
151003,151027
151003,151029
151003,151032
151004,151001
151004,151003
151004,151007
151004,151013
151004,151021
151004,151022
151004,151024
151004,151028
151005,110203
151005,110209
151005,151009
151005,151015
151005,151020
151006,090102
151006,151003
151006,151008
151006,151009
151006,151012
151006,151019
151006,151031
151006,151032
151007,151001
151007,151004
151007,151016
151007,151018
151007,151021
151008,151003
151008,151006
151008,151011
151008,151023
151008,151031
151009,110203
151009,150508
151009,150511
151009,150516
151009,151003
151009,151005
151009,151006
151009,151015
151009,151032
151010,150721
151010,150726
151010,151013
151010,151017
151010,151024
151010,151025
151010,151026
151011,151001
151011,151008
151011,151016
151011,151023
151011,151031
151012,090102
151012,151006
151012,151019
151013,151004
151013,151010
151013,151022
151013,151024
151013,151025
151014,120405
151014,151028
151014,151030
151014,151033
151015,151005
151015,151009
151015,151020
151015,151032
151016,120108
151016,151001
151016,151007
151016,151011
151016,151018
151016,151031
151017,151010
151017,151024
151017,151026
151017,151028
151018,120108
151018,120909
151018,151002
151018,151007
151018,151016
151018,151021
151019,090102
151019,090405
151019,151006
151019,151012
151019,151032
151020,090405
151020,110209
151020,151005
151020,151015
151020,151032
151021,151002
151021,151004
151021,151007
151021,151018
151021,151028
151021,151033
151022,150503
151022,150506
151022,151003
151022,151004
151022,151013
151022,151025
151022,151027
151022,151029
151023,151001
151023,151003
151023,151008
151023,151011
151024,151004
151024,151010
151024,151013
151024,151017
151024,151026
151024,151028
151025,150503
151025,150713
151025,150721
151025,150726
151025,151010
151025,151013
151025,151022
151026,150721
151026,151010
151026,151017
151026,151024
151026,151028
151027,151003
151027,151022
151027,151029
151028,120405
151028,150721
151028,151004
151028,151014
151028,151017
151028,151021
151028,151024
151028,151026
151028,151033
151029,150506
151029,150510
151029,150511
151029,150512
151029,151003
151029,151022
151029,151027
151030,120214
151030,120405
151030,120909
151030,151002
151030,151014
151030,151033
151031,090102
151031,120108
151031,151006
151031,151008
151031,151011
151031,151016
151032,090405
151032,151003
151032,151006
151032,151009
151032,151015
151032,151019
151032,151020
151033,151002
151033,151014
151033,151021
151033,151028
151033,151030
160101,160102
160101,160108
160101,160112
160101,160113
160102,160101
160102,160106
160102,160107
160102,160108
160102,160113
160102,160301
160102,160303
160103,160104
160103,160112
160103,160113
160103,160301
160103,160403
160103,160507
160104,160103
160104,160105
160104,160106
160104,160108
160104,160112
160104,160403
160105,160104
160105,160106
160105,160109
160105,160402
160105,160403
160106,160102
160106,160104
160106,160105
160106,160107
160106,160108
160106,160109
160107,160102
160107,160106
160107,160109
160107,160110
160107,160114
160107,160303
160108,160101
160108,160102
160108,160104
160108,160106
160108,160112
160109,160105
160109,160106
160109,160107
160109,160110
160109,160114
160109,160401
160109,160402
160109,160404
160110,160107
160110,160109
160110,160114
160112,160101
160112,160103
160112,160104
160112,160108
160112,160113
160113,160101
160113,160102
160113,160103
160113,160112
160113,160301
160114,160107
160114,160109
160114,160110
160201,160202
160201,160205
160201,160210
160201,160211
160201,220503
160201,220504
160202,160201
160202,160205
160202,160702
160202,220101
160202,220504
160202,220506
160202,220508
160205,160201
160205,160202
160205,160206
160205,160210
160205,160701
160205,160702
160205,160705
160206,160205
160206,160210
160206,160302
160206,160305
160206,160705
160206,160706
160210,160201
160210,160205
160210,160206
160210,160211
160210,160302
160210,160506
160211,160201
160211,160210
160211,160302
160211,160506
160211,220503
160211,220906
160211,220911
160301,160102
160301,160103
160301,160113
160301,160302
160301,160303
160301,160305
160301,160501
160301,160507
160301,160510
160302,160206
160302,160210
160302,160211
160302,160301
160302,160303
160302,160305
160302,160501
160302,160506
160303,160102
160303,160107
160303,160301
160303,160302
160303,160304
160303,160305
160304,160303
160304,160305
160304,160706
160305,160206
160305,160301
160305,160302
160305,160303
160305,160304
160305,160706
160401,160109
160401,160402
160401,160403
160401,160404
160402,160105
160402,160109
160402,160401
160402,160403
160402,160404
160403,160103
160403,160104
160403,160105
160403,160401
160403,160402
160403,160404
160403,160507
160403,160511
160404,160109
160404,160401
160404,160402
160404,160403
160501,160301
160501,160302
160501,160503
160501,160504
160501,160506
160501,160508
160501,160509
160501,160510
160501,160511
160502,160504
160502,160505
160502,160508
160502,160509
160502,160511
160502,160601
160502,250101
160503,160501
160503,160504
160503,160506
160503,160509
160504,160501
160504,160502
160504,160503
160504,160505
160504,160506
160504,160509
160505,160502
160505,160504
160505,160506
160505,160601
160505,160605
160505,160606
160506,160210
160506,160211
160506,160302
160506,160501
160506,160503
160506,160504
160506,160505
160506,160605
160506,220911
160507,160103
160507,160301
160507,160403
160507,160510
160507,160511
160508,160501
160508,160502
160508,160509
160508,160511
160509,160501
160509,160502
160509,160503
160509,160504
160509,160508
160510,160301
160510,160501
160510,160507
160510,160511
160511,160403
160511,160501
160511,160502
160511,160507
160511,160508
160511,160510
160601,100604
160601,160502
160601,160505
160601,160603
160601,160604
160601,160606
160601,220202
160601,250101
160601,250106
160601,250301
160601,250303
160602,160604
160602,160606
160603,160601
160603,250101
160603,250106
160604,160601
160604,160602
160604,160605
160604,160606
160604,220202
160604,220203
160604,220708
160604,220710
160604,220904
160604,220907
160605,160505
160605,160506
160605,160604
160605,160606
160605,220905
160605,220907
160605,220911
160606,160505
160606,160601
160606,160602
160606,160604
160606,160605
160701,010312
160701,160205
160701,160702
160701,160703
160701,160704
160701,160705
160701,220101
160702,160202
160702,160205
160702,160701
160702,220101
160703,010312
160703,010401
160703,010403
160703,160701
160703,160704
160704,010403
160704,160701
160704,160703
160704,160705
160704,160706
160705,160205
160705,160206
160705,160701
160705,160704
160705,160706
160706,160206
160706,160304
160706,160305
160706,160704
160706,160705
170101,170102
170101,170103
170101,170104
170101,170202
170101,170203
170101,170301
170101,211203
170101,211210
170101,250202
170102,170101
170102,170104
170102,170203
170102,170204
170102,210303
170102,210304
170102,211203
170102,211210
170103,170101
170103,170301
170103,170303
170104,170101
170104,170102
170104,170203
170201,080408
170201,080902
170201,080906
170201,081106
170201,170202
170201,170203
170202,080902
170202,170101
170202,170201
170202,170203
170202,250202
170203,081106
170203,081203
170203,170101
170203,170102
170203,170104
170203,170201
170203,170202
170203,170204
170204,081203
170204,170102
170204,170203
170204,210303
170301,170101
170301,170103
170301,170302
170301,170303
170301,250202
170301,250401
170302,170301
170302,170303
170303,170103
170303,170301
170303,170302
180101,040702
180101,040706
180101,180104
180101,180106
180101,180201
180101,180205
180101,180208
180101,180302
180101,180303
180101,230203
180101,230301
180101,230302
180101,230303
180102,180103
180102,180105
180102,180106
180102,180202
180102,180209
180102,210102
180102,210111
180102,210504
180102,230201
180103,180102
180103,180105
180104,180101
180104,180106
180105,180102
180105,180103
180105,180202
180105,180207
180105,180209
180106,180101
180106,180102
180106,180104
180106,180201
180106,180208
180106,180209
180106,230201
180106,230203
180106,230302
180201,180101
180201,180106
180201,180203
180201,180207
180201,180208
180201,180209
180202,180102
180202,180105
180202,180204
180202,180206
180202,180207
180202,180210
180202,210111
180203,040119
180203,180201
180203,180207
180203,180208
180204,180202
180204,180206
180204,180210
180204,180211
180204,210109
180204,210111
180204,210113
180204,210114
180204,211103
180205,040114
180205,040702
180205,180101
180205,180208
180206,180202
180206,180204
180206,180210
180206,180211
180207,040119
180207,180105
180207,180201
180207,180202
180207,180203
180207,180209
180207,180210
180208,040113
180208,040114
180208,040119
180208,180101
180208,180106
180208,180201
180208,180203
180208,180205
180209,180102
180209,180105
180209,180106
180209,180201
180209,180207
180210,040119
180210,180202
180210,180204
180210,180206
180210,180207
180210,180211
180210,211103
180211,180204
180211,180206
180211,180210
180301,180302
180301,180303
180301,230303
180302,180101
180302,180301
180302,180303
180302,230301
180302,230303
180303,040706
180303,180101
180303,180301
180303,180302
190101,190109
190101,190111
190101,190113
190102,190105
190102,190107
190102,190110
190102,190302
190102,190303
190102,190305
190103,100207
190103,190106
190103,190108
190103,190110
190104,120503
190104,120807
190104,150608
190104,150610
190104,150809
190104,150901
190104,190109
190104,190112
190105,120502
190105,190102
190105,190107
190105,190110
190105,190111
190105,190112
190105,190113
190106,100206
190106,100207
190106,190103
190106,190108
190106,190206
190107,120502
190107,120504
190107,190102
190107,190105
190107,190302
190108,190103
190108,190106
190108,190109
190108,190110
190108,190113
190108,190206
190109,150901
190109,190101
190109,190104
190109,190108
190109,190111
190109,190112
190109,190113
190109,190201
190109,190202
190109,190206
190110,100207
190110,100801
190110,190102
190110,190103
190110,190105
190110,190108
190110,190113
190110,190305
190111,190101
190111,190105
190111,190109
190111,190112
190111,190113
190112,120503
190112,190104
190112,190105
190112,190109
190112,190111
190113,190101
190113,190105
190113,190108
190113,190109
190113,190110
190113,190111
190201,101007
190201,150901
190201,190109
190201,190202
190201,190205
190201,190207
190201,190208
190202,100206
190202,190109
190202,190201
190202,190204
190202,190206
190202,190207
190202,190208
190204,100202
190204,100203
190204,100206
190204,101007
190204,190202
190204,190206
190204,190207
190205,101007
190205,190201
190205,190207
190206,100206
190206,190106
190206,190108
190206,190109
190206,190202
190206,190204
190207,101007
190207,190201
190207,190202
190207,190204
190207,190205
190207,190208
190208,190201
190208,190202
190208,190207
190301,120301
190301,120504
190301,120704
190301,190302
190301,190303
190301,190304
190301,190307
190302,120504
190302,190102
190302,190107
190302,190301
190302,190303
190303,190102
190303,190301
190303,190302
190303,190304
190303,190305
190304,100902
190304,190301
190304,190303
190304,190305
190304,190306
190304,190307
190305,100801
190305,100802
190305,100902
190305,190102
190305,190110
190305,190303
190305,190304
190306,100902
190306,100905
190306,120302
190306,120303
190306,120608
190306,190304
190306,190307
190306,250103
190306,250201
190306,250203
190307,120301
190307,120302
190307,120304
190307,190301
190307,190304
190307,190306
200101,200104
200101,200105
200101,200114
200101,200601
200101,200606
200104,200101
200104,200105
200104,200114
200104,200401
200105,140308
200105,200101
200105,200104
200105,200107
200105,200108
200105,200109
200105,200401
200105,200404
200105,200606
200105,200801
200105,200804
200107,200105
200107,200108
200107,200109
200108,200105
200108,200107
200108,200109
200108,200110
200108,200803
200108,200804
200109,200105
200109,200107
200109,200108
200109,200110
200109,200606
200110,200108
200110,200109
200110,200501
200110,200505
200110,200606
200110,200802
200110,200803
200110,200805
200111,200114
200111,200207
200111,200208
200111,200210
200111,200601
200111,200604
200114,200101
200114,200104
200114,200111
200114,200202
200114,200208
200114,200401
200114,200601
200201,200203
200201,200204
200201,200205
200201,200206
200201,200209
200201,200303
200202,200114
200202,200204
200202,200206
200202,200208
200202,200401
200202,200403
200202,200409
200203,200201
200203,200205
200203,200209
200203,200210
200204,200201
200204,200202
200204,200205
200204,200206
200204,200207
200204,200208
200205,200201
200205,200203
200205,200204
200205,200207
200205,200209
200205,200210
200206,200201
200206,200202
200206,200204
200206,200301
200206,200303
200206,200305
200206,200403
200206,200410
200207,200111
200207,200204
200207,200205
200207,200208
200207,200210
200208,200111
200208,200114
200208,200202
200208,200204
200208,200207
200209,200201
200209,200203
200209,200205
200210,200111
200210,200203
200210,200205
200210,200207
200210,200604
200301,060907
200301,200206
200301,200302
200301,200303
200301,200305
200301,200307
200301,200308
200302,200301
200302,200305
200302,200306
200302,200308
200302,200406
200302,200407
200303,060905
200303,060907
200303,200201
200303,200206
200303,200301
200304,060807
200304,060809
200304,060810
200304,140308
200304,140310
200304,200306
200304,200307
200304,200308
200304,200406
200305,200206
200305,200301
200305,200302
200305,200407
200305,200410
200306,200302
200306,200304
200306,200308
200306,200406
200307,060809
200307,060907
200307,200301
200307,200304
200307,200308
200308,200301
200308,200302
200308,200304
200308,200306
200308,200307
200401,200104
200401,200105
200401,200114
200401,200202
200401,200404
200401,200405
200401,200409
200402,200404
200402,200405
200402,200406
200402,200407
200402,200408
200402,200410
200403,200202
200403,200206
200403,200408
200403,200409
200403,200410
200404,140308
200404,200105
200404,200401
200404,200402
200404,200405
200404,200406
200405,200401
200405,200402
200405,200404
200405,200408
200405,200409
200406,140308
200406,200302
200406,200304
200406,200306
200406,200402
200406,200404
200406,200407
200407,200302
200407,200305
200407,200402
200407,200406
200407,200410
200408,200402
200408,200403
200408,200405
200408,200409
200408,200410
200409,200202
200409,200401
200409,200403
200409,200405
200409,200408
200410,200206
200410,200305
200410,200402
200410,200403
200410,200407
200410,200408
200501,200110
200501,200504
200501,200505
200501,200805
200502,200503
200502,200504
200502,200505
200502,200506
200502,200507
200502,200703
200503,200502
200503,200504
200503,200505
200504,200501
200504,200502
200504,200503
200504,200505
200504,200507
200505,200110
200505,200501
200505,200502
200505,200503
200505,200504
200505,200506
200505,200603
200505,200605
200505,200606
200506,200502
200506,200505
200506,200603
200506,200703
200507,200502
200507,200504
200507,200703
200601,200101
200601,200111
200601,200114
200601,200604
200601,200605
200601,200606
200601,200607
200601,200608
200603,200505
200603,200506
200603,200605
200603,200703
200604,200111
200604,200210
200604,200601
200604,200605
200604,200607
200604,240105
200604,240202
200605,200505
200605,200601
200605,200603
200605,200604
200605,200606
200605,200607
200605,200608
200605,200701
200605,200702
200605,200703
200605,200705
200605,200706
200605,240202
200605,240203
200606,200101
200606,200105
200606,200109
200606,200110
200606,200505
200606,200601
200606,200605
200607,200601
200607,200604
200607,200605
200607,200608
200608,200601
200608,200605
200608,200607
200701,200605
200701,200702
200701,200703
200701,200704
200702,200605
200702,200701
200702,200704
200702,200705
200702,200706
200703,200502
200703,200506
200703,200507
200703,200603
200703,200605
200703,200701
200704,200701
200704,200702
200705,200605
200705,200702
200705,200706
200706,200605
200706,200702
200706,200705
200706,240203
200801,140306
200801,140308
200801,200105
200801,200804
200801,200805
200801,200806
200802,200110
200802,200803
200802,200805
200802,200806
200803,200108
200803,200110
200803,200802
200803,200804
200803,200806
200804,200105
200804,200108
200804,200801
200804,200803
200804,200806
200805,200110
200805,200501
200805,200801
200805,200802
200805,200806
200806,200801
200806,200802
200806,200803
200806,200804
200806,200805
210101,210106
210101,210110
210101,210111
210101,210113
210101,210114
210102,180102
210102,210111
210102,210112
210102,210501
210102,210504
210102,210505
210104,210108
210104,210110
210104,210115
210104,211102
210104,211104
210105,210107
210105,210605
210106,210101
210106,210111
210106,210112
210107,210105
210107,210108
210107,210605
210107,211104
210108,210104
210108,210107
210108,210110
210108,211104
210109,180204
210109,210114
210109,210115
210109,211102
210109,211103
210110,210101
210110,210104
210110,210108
210110,210114
210110,211104
210111,180102
210111,180202
210111,180204
210111,210101
210111,210102
210111,210106
210111,210112
210111,210113
210112,210102
210112,210106
210112,210111
210113,180204
210113,210101
210113,210111
210113,210114
210114,180204
210114,210101
210114,210109
210114,210110
210114,210113
210114,210115
210115,210104
210115,210109
210115,210114
210115,211102
210201,210203
210201,210204
210201,210207
210201,210208
210201,210212
210201,210213
210201,210214
210201,210215
210201,211001
210201,211003
210202,210203
210202,210205
210202,210214
210202,210703
210202,210704
210203,210201
210203,210202
210203,210205
210203,210206
210203,210210
210203,210213
210203,210214
210203,211003
210204,210201
210204,210211
210204,210212
210204,210215
210204,210801
210204,210802
210204,210806
210204,210807
210205,210202
210205,210203
210205,210210
210205,210703
210205,211101
210206,210203
210206,210601
210206,211003
210207,210201
210207,210214
210207,210215
210207,210708
210208,210201
210208,210209
210208,210211
210208,210212
210208,211001
210209,210208
210209,210211
210209,210302
210209,210306
210209,210802
210209,211001
210210,210203
210210,210205
210210,210601
210210,210605
210210,210607
210210,211101
210211,210204
210211,210208
210211,210209
210211,210212
210211,210802
210212,210201
210212,210204
210212,210208
210212,210211
210213,210201
210213,210203
210213,210214
210214,210201
210214,210202
210214,210203
210214,210207
210214,210213
210214,210704
210214,210708
210215,210201
210215,210204
210215,210207
210215,210708
210215,210801
210301,210302
210301,210303
210301,210305
210301,210307
210301,210308
210301,210802
210301,210806
210302,210209
210302,210301
210302,210304
210302,210306
210302,210307
210302,210310
210302,210802
210303,081203
210303,170102
210303,170204
210303,210301
210303,210304
210303,210307
210303,210308
210303,210309
210304,170102
210304,210302
210304,210303
210304,210307
210304,210310
210304,211203
210305,080602
210305,080605
210305,080606
210305,081209
210305,210301
210305,210308
210305,210806
210306,210209
210306,210302
210306,210310
210306,211001
210306,211002
210306,211202
210306,211203
210306,211204
210307,210301
210307,210302
210307,210303
210307,210304
210308,081203
210308,081209
210308,210301
210308,210303
210308,210305
210308,210309
210309,081203
210309,210303
210309,210308
210310,210302
210310,210304
210310,210306
210310,211203
210401,210403
210401,210406
210401,210501
210401,210503
210401,210505
210402,210404
210402,210407
210403,210401
210403,210404
210403,210405
210403,210406
210403,210407
210403,210504
210403,210505
210404,210402
210404,210403
210404,210405
210404,210407
210405,210403
210405,210404
210405,210502
210405,210504
210406,210401
210406,210403
210406,210407
210406,211301
210406,211304
210407,210402
210407,210403
210407,210404
210407,210406
210407,211301
210407,211303
210501,210102
210501,210401
210501,210503
210501,210505
210502,210405
210502,210504
210502,230401
210502,230406
210502,230408
210503,210401
210503,210501
210504,180102
210504,210102
210504,210403
210504,210405
210504,210502
210504,210505
210504,230201
210504,230406
210504,230408
210505,210102
210505,210401
210505,210403
210505,210501
210505,210504
210601,210206
210601,210210
210601,210603
210601,210604
210601,210607
210601,210608
210601,211003
210602,210604
210602,210606
210602,210608
210602,210903
210602,211002
210602,211004
210603,210601
210603,210604
210603,211001
210603,211003
210603,211004
210604,210601
210604,210602
210604,210603
210604,210608
210604,211004
210605,210105
210605,210107
210605,210210
210605,210607
210605,211101
210605,211104
210606,210602
210606,210608
210606,210901
210606,210903
210607,210210
210607,210601
210607,210605
210608,210601
210608,210602
210608,210604
210608,210606
210608,210901
210701,210702
210701,210703
210701,210704
210701,210706
210701,210707
210701,210708
210701,210709
210701,211101
210702,210701
210702,210709
210702,211101
210702,211102
210702,211103
210703,210202
210703,210205
210703,210701
210703,210704
210703,211101
210704,210202
210704,210214
210704,210701
210704,210703
210704,210708
210705,080802
210705,080805
210705,210706
210705,210707
210705,210709
210705,210710
210705,210801
210705,210803
210705,210804
210705,210809
210706,210701
210706,210705
210706,210707
210706,210708
210706,210710
210706,210801
210707,210701
210707,210705
210707,210706
210707,210709
210708,210207
210708,210214
210708,210215
210708,210701
210708,210704
210708,210706
210708,210801
210709,040504
210709,040514
210709,080802
210709,210701
210709,210702
210709,210705
210709,210707
210709,211103
210710,210705
210710,210706
210710,210801
210801,210204
210801,210215
210801,210705
210801,210706
210801,210708
210801,210710
210801,210806
210801,210807
210801,210808
210801,210809
210802,210204
210802,210209
210802,210211
210802,210301
210802,210302
210802,210806
210803,080805
210803,210705
210803,210804
210803,210805
210803,210809
210804,080805
210804,210705
210804,210803
210804,210809
210805,080505
210805,080805
210805,080808
210805,210803
210805,210808
210805,210809
210806,080505
210806,080601
210806,080604
210806,080606
210806,210204
210806,210301
210806,210305
210806,210801
210806,210802
210806,210807
210806,210808
210807,210204
210807,210801
210807,210806
210808,080505
210808,210801
210808,210805
210808,210806
210808,210809
210809,210705
210809,210801
210809,210803
210809,210804
210809,210805
210809,210808
210901,210606
210901,210608
210901,210902
210901,210903
210901,210904
210902,210901
210902,210904
210903,210602
210903,210606
210903,210901
210904,210901
210904,210902
211001,210201
211001,210208
211001,210209
211001,210306
211001,210603
211001,211002
211001,211003
211001,211004
211002,210306
211002,210602
211002,211001
211002,211004
211002,211005
211002,211202
211002,211206
211003,210201
211003,210203
211003,210206
211003,210601
211003,210603
211003,211001
211004,210602
211004,210603
211004,210604
211004,211001
211004,211002
211005,211002
211005,211206
211005,211208
211101,210205
211101,210210
211101,210605
211101,210701
211101,210702
211101,210703
211101,211102
211101,211104
211102,210104
211102,210109
211102,210115
211102,210702
211102,211101
211102,211103
211102,211104
211103,040119
211103,040514
211103,180204
211103,180210
211103,210109
211103,210702
211103,210709
211103,211102
211104,210104
211104,210107
211104,210108
211104,210110
211104,210605
211104,211101
211104,211102
211201,211202
211201,211204
211201,211206
211201,211208
211201,211209
211202,210306
211202,211002
211202,211201
211202,211204
211202,211206
211203,170101
211203,170102
211203,210304
211203,210306
211203,210310
211203,211204
211203,211205
211203,211209
211203,211210
211204,210306
211204,211201
211204,211202
211204,211203
211204,211205
211204,211209
211205,211203
211205,211204
211205,211209
211206,211002
211206,211005
211206,211201
211206,211202
211206,211208
211207,211208
211207,211209
211207,211210
211208,211005
211208,211201
211208,211206
211208,211207
211208,211209
211209,211201
211209,211203
211209,211204
211209,211205
211209,211207
211209,211208
211209,211210
211210,170101
211210,170102
211210,211203
211210,211207
211210,211209
211301,210406
211301,210407
211301,211303
211301,211304
211301,211305
211303,210407
211303,211301
211304,210406
211304,211301
211305,211301
211305,211306
211305,211307
211306,211305
211306,211307
211307,211305
211307,211306
220101,010312
220101,160202
220101,160701
220101,160702
220101,220102
220101,220104
220101,220106
220101,220506
220101,220802
220101,220805
220101,220806
220101,220807
220101,220809
220102,220101
220102,220103
220102,220104
220102,220106
220102,220801
220102,220806
220103,220102
220103,220104
220103,220105
220103,220801
220103,220808
220104,220101
220104,220102
220104,220103
220104,220105
220104,220303
220104,220502
220104,220506
220105,010612
220105,220103
220105,220104
220105,220303
220105,220402
220105,220808
220106,220101
220106,220102
220106,220806
220201,220203
220201,220204
220201,220205
220201,220206
220201,220401
220201,220403
220201,220406
220201,220707
220202,100604
220202,160601
220202,160604
220202,220203
220202,220204
220202,220602
220202,220605
220202,221001
220202,221002
220202,221003
220202,221005
220203,160604
220203,220201
220203,220202
220203,220204
220203,220206
220203,220701
220203,220706
220203,220707
220203,220708
220203,220709
220204,220201
220204,220202
220204,220203
220204,220206
220204,220406
220204,220601
220204,220605
220205,220201
220205,220304
220205,220401
220205,220402
220205,220702
220205,220703
220205,220705
220205,220707
220206,220201
220206,220203
220206,220204
220206,220707
220301,220302
220301,220303
220301,220304
220301,220305
220301,220402
220301,220510
220301,220511
220302,220301
220302,220304
220302,220402
220303,220104
220303,220105
220303,220301
220303,220305
220303,220402
220303,220502
220303,220510
220304,220205
220304,220301
220304,220302
220304,220402
220304,220505
220304,220511
220304,220702
220305,220301
220305,220303
220305,220510
220401,220201
220401,220205
220401,220402
220401,220403
220401,220404
220401,220604
220402,010609
220402,010612
220402,220105
220402,220205
220402,220301
220402,220302
220402,220303
220402,220304
220402,220401
220402,220603
220402,220604
220403,220201
220403,220401
220403,220404
220403,220405
220403,220406
220404,220401
220404,220403
220404,220405
220404,220601
220404,220604
220405,220403
220405,220404
220405,220406
220405,220601
220406,220201
220406,220204
220406,220403
220406,220405
220406,220601
220406,220605
220501,220506
220501,220507
220501,220508
220501,220509
220501,220510
220501,220511
220502,220104
220502,220303
220502,220506
220502,220510
220503,160201
220503,160211
220503,220504
220503,220904
220503,220905
220503,220906
220503,220909
220503,220911
220504,160201
220504,160202
220504,220503
220504,220508
220504,220909
220504,220912
220505,220304
220505,220507
220505,220511
220505,220702
220505,220903
220505,220908
220505,220910
220506,160202
220506,220101
220506,220104
220506,220501
220506,220502
220506,220508
220506,220509
220506,220510
220507,220501
220507,220505
220507,220508
220507,220511
220507,220903
220507,220912
220508,160202
220508,220501
220508,220504
220508,220506
220508,220507
220508,220903
220508,220912
220509,220501
220509,220506
220509,220510
220509,220511
220510,220301
220510,220303
220510,220305
220510,220501
220510,220502
220510,220506
220510,220509
220510,220511
220511,220301
220511,220304
220511,220501
220511,220505
220511,220507
220511,220509
220511,220510
220601,220204
220601,220404
220601,220405
220601,220406
220601,220602
220601,220603
220601,220604
220601,220605
220602,220202
220602,220601
220602,220603
220602,220605
220602,221003
220603,010110
220603,010115
220603,010602
220603,010605
220603,010609
220603,130301
220603,130302
220603,130303
220603,130305
220603,130802
220603,130807
220603,130808
220603,130809
220603,130810
220603,220402
220603,220601
220603,220602
220603,220604
220603,221003
220604,220401
220604,220402
220604,220404
220604,220601
220604,220603
220605,220202
220605,220204
220605,220406
220605,220601
220605,220602
220701,220203
220701,220703
220701,220705
220701,220706
220701,220709
220702,220205
220702,220304
220702,220505
220702,220704
220702,220705
220702,220902
220702,220908
220703,220205
220703,220701
220703,220705
220703,220706
220703,220707
220704,220702
220704,220705
220704,220710
220704,220902
220704,220908
220704,220913
220705,220205
220705,220701
220705,220702
220705,220703
220705,220704
220705,220707
220705,220709
220705,220710
220706,220203
220706,220701
220706,220703
220706,220707
220707,220201
220707,220203
220707,220205
220707,220206
220707,220703
220707,220705
220707,220706
220708,160604
220708,220203
220708,220709
220708,220710
220709,220203
220709,220701
220709,220705
220709,220708
220709,220710
220710,160604
220710,220704
220710,220705
220710,220708
220710,220709
220710,220904
220710,220913
220801,010612
220801,220102
220801,220103
220801,220803
220801,220806
220801,220808
220801,220809
220802,010107
220802,010612
220802,220101
220802,220804
220802,220805
220802,220807
220803,010612
220803,220801
220803,220804
220803,220809
220804,010612
220804,220802
220804,220803
220804,220807
220804,220809
220805,010107
220805,010116
220805,010302
220805,010304
220805,010312
220805,220101
220805,220802
220806,220101
220806,220102
220806,220106
220806,220801
220806,220809
220807,220101
220807,220802
220807,220804
220807,220809
220808,010612
220808,220103
220808,220105
220808,220801
220809,220101
220809,220801
220809,220803
220809,220804
220809,220806
220809,220807
220901,220908
220901,220909
220901,220910
220901,220912
220902,220702
220902,220704
220902,220908
220902,220913
220902,220914
220903,220505
220903,220507
220903,220508
220903,220910
220903,220912
220904,160604
220904,220503
220904,220710
220904,220905
220904,220907
220904,220909
220904,220913
220904,220914
220905,160605
220905,220503
220905,220904
220905,220907
220905,220911
220906,160211
220906,220503
220906,220911
220907,160604
220907,160605
220907,220904
220907,220905
220908,220505
220908,220702
220908,220704
220908,220901
220908,220902
220908,220909
220908,220910
220908,220914
220909,220503
220909,220504
220909,220901
220909,220904
220909,220908
220909,220912
220909,220914
220910,220505
220910,220901
220910,220903
220910,220908
220910,220912
220911,160211
220911,160506
220911,160605
220911,220503
220911,220905
220911,220906
220912,220504
220912,220507
220912,220508
220912,220901
220912,220903
220912,220909
220912,220910
220913,220704
220913,220710
220913,220902
220913,220904
220913,220914
220914,220902
220914,220904
220914,220908
220914,220909
220914,220913
221001,220202
221001,221003
221001,221004
221001,221005
221002,100604
221002,100702
221002,220202
221002,221005
221003,130807
221003,220202
221003,220602
221003,220603
221003,221001
221003,221004
221004,100701
221004,100702
221004,130801
221004,130804
221004,130807
221004,221001
221004,221003
221004,221005
221005,100702
221005,220202
221005,221001
221005,221002
221005,221004
230101,230102
230101,230104
230101,230105
230101,230107
230101,230108
230101,230109
230101,230110
230102,230101
230102,230104
230102,230105
230102,230108
230102,230109
230102,230403
230102,230404
230103,230104
230103,230106
230103,230108
230104,230101
230104,230102
230104,230103
230104,230106
230104,230108
230104,230403
230105,230101
230105,230102
230105,230109
230105,230204
230105,230301
230105,230302
230105,230303
230105,230402
230105,230404
230106,230103
230106,230104
230106,230107
230106,230108
230106,230403
230107,230101
230107,230106
230107,230108
230107,230401
230107,230403
230107,230407
230108,230101
230108,230102
230108,230103
230108,230104
230108,230106
230108,230107
230108,230110
230109,230101
230109,230102
230109,230105
230109,230301
230109,230303
230110,230101
230110,230108
230201,180102
230201,180106
230201,210504
230201,230202
230201,230203
230201,230205
230201,230206
230201,230405
230201,230406
230202,230201
230202,230203
230202,230205
230202,230302
230203,180101
230203,180106
230203,230201
230203,230202
230203,230302
230204,230105
230204,230205
230204,230206
230204,230302
230204,230402
230205,230201
230205,230202
230205,230204
230205,230206
230205,230302
230206,230201
230206,230204
230206,230205
230206,230402
230206,230405
230301,180101
230301,180302
230301,230105
230301,230109
230301,230302
230301,230303
230302,180101
230302,180106
230302,230105
230302,230202
230302,230203
230302,230204
230302,230205
230302,230301
230302,230402
230303,180101
230303,180301
230303,180302
230303,230105
230303,230109
230303,230301
230401,210502
230401,230107
230401,230402
230401,230407
230401,230408
230402,230105
230402,230204
230402,230206
230402,230302
230402,230401
230402,230404
230402,230405
230402,230407
230402,230408
230403,230102
230403,230104
230403,230106
230403,230107
230403,230404
230403,230407
230404,230102
230404,230105
230404,230402
230404,230403
230404,230407
230405,230201
230405,230206
230405,230402
230405,230406
230405,230408
230406,210502
230406,210504
230406,230201
230406,230405
230406,230408
230407,230107
230407,230401
230407,230402
230407,230403
230407,230404
230408,210502
230408,210504
230408,230401
230408,230402
230408,230405
230408,230406
240101,240102
240101,240106
240101,240301
240101,240303
240101,240304
240102,240101
240102,240103
240102,240105
240102,240106
240103,240102
240103,240105
240103,240201
240104,240105
240104,240106
240104,240303
240105,200604
240105,240102
240105,240103
240105,240104
240105,240106
240105,240201
240105,240202
240106,240101
240106,240102
240106,240104
240106,240105
240106,240303
240201,240103
240201,240105
240201,240202
240201,240203
240202,200604
240202,200605
240202,240105
240202,240201
240202,240203
240203,200605
240203,200706
240203,240201
240203,240202
240301,240101
240301,240302
240301,240304
240302,240301
240302,240304
240303,240101
240303,240104
240303,240106
240303,240304
240304,240101
240304,240301
240304,240302
240304,240303
250101,160502
250101,160601
250101,160603
250101,250102
250101,250104
250101,250105
250101,250106
250101,250107
250102,100903
250102,100904
250102,250101
250102,250105
250102,250106
250102,250107
250102,250302
250102,250303
250103,100901
250103,100903
250103,100904
250103,100905
250103,190306
250103,250104
250103,250203
250103,250204
250104,100903
250104,250101
250104,250103
250104,250107
250104,250204
250105,250101
250105,250102
250105,250106
250106,160601
250106,160603
250106,250101
250106,250102
250106,250105
250106,250303
250107,100903
250107,250101
250107,250102
250107,250104
250201,120608
250201,190306
250201,250202
250201,250203
250201,250204
250201,250401
250202,080902
250202,120608
250202,170101
250202,170202
250202,170301
250202,250201
250202,250401
250203,190306
250203,250103
250203,250201
250203,250204
250204,250103
250204,250104
250204,250201
250204,250203
250204,250401
250301,100602
250301,100603
250301,100604
250301,100902
250301,160601
250301,250302
250301,250303
250302,100901
250302,100902
250302,100904
250302,250102
250302,250301
250302,250303
250303,160601
250303,250102
250303,250106
250303,250301
250303,250302
250401,170301
250401,250201
250401,250202
250401,250204
